123,10,114,0,0,0,0,0.0032,-0.00983,-0.00696,0,0,0,-360,-284,14618,0,0,1,5774,125
123,10,6,0,0,0,0,0.0059,-0.01578,-0.01886,0,0,0,-368,-262,14592,7,99409,1,57684,125
123,10,6,0,0,0,0,0.00797,-0.01952,-0.0265,0,0,0,-378,-290,14604,7,99411,1,48856,125
123,10,6,0,0,0,0,0.00992,-0.02257,-0.03276,0,0,0,-370,-268,14630,7,99411,1,22255,125
123,10,6,0,0,0,0,0.01183,-0.02518,-0.03827,0,0,0,-394,-278,14602,7,99412,1,4611,125
123,10,6,0,0,0,0,0.0138,-0.02754,-0.04294,0,0,0,-384,-278,14620,7,99413,1,9916,125
123,10,6,0,0,0,0,0.01572,-0.0295,-0.04701,0,0,0,-370,-264,14612,7,99414,1,54125,125
123,10,6,0,0,0,0,0.01758,-0.03123,-0.05035,0,0,0,-376,-302,14612,7,99414,1,65348,125
123,10,6,0,0,0,0,0.01952,-0.03275,-0.05363,0,0,0,-358,-270,14608,7,99412,1,37150,125
123,10,6,0,0,0,0,0.02145,-0.03404,-0.0562,0,0,0,-372,-276,14636,7,99410,1,22473,125
123,10,6,0,0,0,0,0.02339,-0.03508,-0.05841,0,0,0,-388,-278,14628,7,99409,1,33956,125
123,10,6,0,0,0,0,0.02533,-0.03596,-0.0603,0,0,0,-374,-278,14600,7,99412,1,14496,125
123,10,6,0,0,0,0,0.02724,-0.03667,-0.06207,0,0,0,-372,-274,14570,7,99412,1,38278,125
123,10,6,0,0,0,0,0.02925,-0.03726,-0.06363,0,0,0,-368,-268,14624,7,99411,1,8345,125
123,10,6,0,0,0,0,0.03119,-0.03775,-0.06487,0,0,0,-378,-286,14616,7,99413,1,6450,125
123,10,6,0,0,0,0,0.0331,-0.03827,-0.06601,0,0,0,-390,-286,14606,7,99413,1,58123,125
123,10,6,0,0,0,0,0.03499,-0.0386,-0.06694,0,0,0,-388,-278,14594,7,99412,1,17623,125
123,10,6,0,0,0,0,0.03694,-0.03897,-0.06775,0,0,0,-372,-280,14596,7,99410,1,33430,125
123,10,6,0,0,0,0,0.03891,-0.03912,-0.0684,0,0,0,-356,-282,14618,7,99414,1,58299,125
123,10,6,0,0,0,0,0.04094,-0.0393,-0.06909,0,0,0,-380,-282,14602,7,99410,1,60803,125
123,10,6,0,0,0,0,0.0429,-0.03961,-0.06963,0,0,0,-392,-282,14624,7,99411,1,49833,125
123,10,6,0,0,0,0,0.04489,-0.03986,-0.07008,0,0,0,-384,-272,14602,7,99415,1,12546,125
123,10,6,0,0,0,0,0.04686,-0.04007,-0.07043,0,0,0,-378,-264,14624,7,99410,1,61774,125
123,10,6,0,0,0,0,0.04884,-0.04025,-0.07076,0,0,0,-376,-264,14626,7,99414,1,10942,125
123,10,6,0,0,0,0,0.05074,-0.04048,-0.0709,0,0,0,-394,-274,14620,7,99411,1,51027,125
123,10,6,0,0,0,0,0.0528,-0.0407,-0.07106,0,0,0,-376,-264,14596,7,99411,1,58733,125
123,10,6,0,0,0,0,0.05475,-0.04076,-0.07124,0,0,0,-390,-260,14624,7,99409,1,58886,125
123,10,6,0,0,0,0,0.05675,-0.0408,-0.0715,0,0,0,-350,-288,14620,7,99413,1,13327,125
123,10,6,0,0,0,0,0.05867,-0.04086,-0.07173,0,0,0,-362,-276,14618,7,99411,1,46763,125
123,10,6,0,0,0,0,0.06062,-0.04085,-0.07191,0,0,0,-356,-268,14624,7,99413,1,33423,125
123,10,6,0,0,0,0,0.06268,-0.04085,-0.07207,0,0,0,-374,-268,14616,7,99411,1,59809,125
123,10,6,0,0,0,0,0.06462,-0.0409,-0.07219,0,0,0,-382,-252,14602,7,99412,1,19950,125
123,10,6,0,0,0,0,0.06664,-0.04088,-0.07228,0,0,0,-362,-270,14618,7,99412,1,2737,125
123,10,6,0,0,0,0,0.06853,-0.04091,-0.07243,0,0,0,-376,-290,14588,7,99412,1,1661,125
123,10,6,0,0,0,0,0.07053,-0.04102,-0.07254,0,0,0,-372,-262,14614,7,99412,1,50425,125
123,10,6,0,0,0,0,0.07253,-0.04108,-0.07254,0,0,0,-342,-278,14604,7,99412,1,21197,125
123,10,6,0,0,0,0,0.07457,-0.0411,-0.07275,0,0,0,-368,-306,14586,7,99413,1,61403,125
123,10,6,0,0,0,0,0.07654,-0.04117,-0.07288,0,0,0,-380,-270,14628,7,99409,1,6352,125
123,10,6,0,0,0,0,0.07848,-0.0412,-0.07275,0,0,0,-362,-294,14604,7,99413,1,41011,125
123,10,6,0,0,0,0,0.08035,-0.04117,-0.07278,0,0,0,-366,-274,14606,7,99412,1,14335,125
123,10,6,0,0,0,0,0.08232,-0.0412,-0.07272,0,0,0,-382,-296,14620,7,99410,1,40734,125
123,10,6,0,0,0,0,0.0844,-0.0412,-0.07275,0,0,0,-368,-258,14620,7,99415,1,18726,125
123,10,6,0,0,0,0,0.0864,-0.04114,-0.07272,0,0,0,-374,-278,14622,7,99414,1,7233,125
123,10,6,0,0,0,0,0.08835,-0.04123,-0.07257,0,0,0,-354,-272,14608,7,99413,1,58900,125
123,10,6,0,0,0,0,0.09033,-0.0412,-0.07257,0,0,0,-390,-294,14618,7,99414,1,23813,125
123,10,6,0,0,0,0,0.09229,-0.04129,-0.07272,0,0,0,-396,-286,14580,7,99412,1,21278,125
123,10,6,0,0,0,0,0.09422,-0.04135,-0.0727,0,0,0,-368,-278,14598,7,99412,1,65221,125
123,10,6,0,0,0,0,0.09624,-0.04138,-0.0727,0,0,0,-386,-282,14592,7,99416,1,30863,125
123,10,6,0,0,0,0,0.09819,-0.04129,-0.07263,0,0,0,-366,-286,14624,7,99410,1,1714,125
123,10,6,0,0,0,0,0.10005,-0.04129,-0.07254,0,0,0,-396,-264,14610,7,99413,1,2626,125
123,10,6,0,0,0,0,0.102,-0.04126,-0.07254,0,0,0,-382,-284,14598,7,99409,1,24327,125
123,10,6,0,0,0,0,0.104,-0.04123,-0.07251,0,0,0,-364,-262,14614,7,99411,1,10607,125
123,10,6,0,0,0,0,0.10593,-0.04129,-0.07242,0,0,0,-378,-278,14610,7,99410,1,25707,125
123,10,6,0,0,0,0,0.10799,-0.04123,-0.07245,0,0,0,-354,-290,14616,7,99412,1,40339,125
123,10,6,0,0,0,0,0.10992,-0.0411,-0.07254,0,0,0,-378,-256,14594,7,99408,1,25739,125
123,10,6,0,0,0,0,0.1119,-0.04114,-0.07254,0,0,0,-366,-274,14600,7,99410,1,53790,125
123,10,6,0,0,0,0,0.11377,-0.04117,-0.07243,0,0,0,-318,-264,14572,7,99411,1,42722,125
123,10,6,0,0,0,0,0.11575,-0.04105,-0.07263,0,0,0,-412,-404,14598,7,99411,1,3173,125
123,10,6,0,0,0,0,0.11772,-0.04114,-0.07275,0,0,0,-336,-236,14630,7,99411,1,64756,125
123,10,6,0,0,0,0,0.11966,-0.0412,-0.07263,0,0,0,-396,-338,14678,7,99411,1,19308,125
123,10,6,0,0,0,0,0.12161,-0.04129,-0.07275,0,0,0,-380,-310,14630,7,99408,1,16932,125
123,10,6,0,0,0,0,0.12352,-0.04126,-0.07263,0,0,0,-384,-264,14618,7,99410,1,62033,125
123,10,6,0,0,0,0,0.12424,-0.03976,-0.06744,0,0,0,-386,-278,14600,7,99409,1,21285,125
123,10,6,0,0,0,0,0.12451,-0.03772,-0.06094,0,0,0,-362,-230,14568,7,99406,1,23511,125
123,10,6,0,0,0,0,0.12468,-0.03593,-0.05519,0,0,0,-390,-258,14630,7,99408,1,40744,125
123,10,6,0,0,0,0,0.12488,-0.03447,-0.0504,0,0,0,-406,-292,14618,7,99406,1,48802,125
123,10,6,0,0,0,0,0.12494,-0.03348,-0.04636,0,0,0,-372,-274,14620,7,99407,1,21680,125
123,10,6,0,0,0,0,0.12508,-0.03244,-0.04276,0,0,0,-376,-312,14612,7,99409,1,14253,125
123,10,6,0,0,0,0,0.12515,-0.03157,-0.03983,0,0,0,-376,-278,14620,7,99407,1,39895,125
123,10,6,0,0,0,0,0.12526,-0.03078,-0.0372,0,0,0,-390,-272,14578,7,99407,1,30817,125
123,10,6,0,0,0,0,0.12538,-0.02998,-0.03497,0,0,0,-338,-294,14516,7,99408,1,49104,125
123,10,6,0,0,0,0,0.12549,-0.02934,-0.03297,0,0,0,-382,-278,14610,7,99410,1,35516,125
123,10,6,0,0,0,0,0.1256,-0.02876,-0.03143,0,0,0,-382,-282,14600,7,99409,1,50309,125
123,10,6,0,0,0,0,0.1257,-0.02843,-0.02992,0,0,0,-378,-290,14636,7,99407,1,28096,125
123,10,6,0,0,0,0,0.12578,-0.02803,-0.02858,0,0,0,-366,-280,14638,7,99409,1,2976,125
123,10,6,0,0,0,0,0.12585,-0.0277,-0.02748,0,0,0,-378,-294,14592,7,99409,1,37863,125
123,10,6,0,0,0,0,0.12592,-0.02736,-0.02657,0,0,0,-388,-284,14586,7,99409,1,63287,125
123,10,6,0,0,0,0,0.12602,-0.0272,-0.02571,0,0,0,-372,-298,14608,7,99409,1,9801,125
123,10,6,0,0,0,0,0.1261,-0.027,-0.0252,0,0,0,-342,-276,14648,7,99410,1,36046,125
123,10,6,0,0,0,0,0.12619,-0.02672,-0.0246,0,0,0,-354,-278,14618,7,99407,1,5313,125
123,10,6,0,0,0,0,0.12631,-0.02657,-0.02402,0,0,0,-390,-290,14642,7,99407,1,62942,125
123,10,6,0,0,0,0,0.12636,-0.02644,-0.02348,0,0,0,-360,-270,14602,7,99411,1,39970,125
123,10,6,0,0,0,0,0.12642,-0.02644,-0.02303,0,0,0,-382,-280,14642,7,99408,1,17445,125
123,10,6,0,0,0,0,0.12646,-0.02635,-0.02266,0,0,0,-374,-270,14628,7,99410,1,32383,125
123,10,6,0,0,0,0,0.12654,-0.02638,-0.0222,0,0,0,-364,-302,14608,7,99411,1,26320,125
123,10,6,0,0,0,0,0.1266,-0.02632,-0.02196,0,0,0,-354,-260,14590,7,99410,1,48370,125
123,10,6,0,0,0,0,0.12666,-0.02629,-0.02171,0,0,0,-356,-266,14606,7,99409,1,56554,125
123,10,6,0,0,0,0,0.1267,-0.02617,-0.02156,0,0,0,-370,-278,14644,7,99412,1,44336,125
123,10,6,0,0,0,0,0.1268,-0.02617,-0.02147,0,0,0,-354,-262,14624,7,99410,1,44323,125
123,10,6,0,0,0,0,0.12683,-0.02605,-0.02129,0,0,0,-380,-274,14592,7,99408,1,490,125
123,10,6,0,0,0,0,0.12686,-0.02614,-0.0212,0,0,0,-372,-278,14622,7,99410,1,7231,125
123,10,6,0,0,0,0,0.12689,-0.02608,-0.02126,0,0,0,-378,-280,14634,7,99410,1,54974,125
123,10,6,0,0,0,0,0.12692,-0.02608,-0.02122,0,0,0,-370,-302,14642,7,99412,1,55357,125
123,10,6,0,0,0,0,0.12701,-0.02608,-0.02129,0,0,0,-364,-286,14654,7,99411,1,34982,125
123,10,6,0,0,0,0,0.1271,-0.02602,-0.02126,0,0,0,-340,-274,14592,7,99411,1,16579,125
123,10,6,0,0,0,0,0.12714,-0.02583,-0.0212,0,0,0,-360,-280,14592,7,99411,1,23705,125
123,10,6,0,0,0,0,0.12714,-0.0257,-0.02122,0,0,0,-354,-288,14612,7,99410,1,9026,125
123,10,6,0,0,0,0,0.12714,-0.02554,-0.02107,0,0,0,-26,-474,14196,7,99412,1,63673,125
123,10,6,0,0,0,0,0.12709,-0.02559,-0.02058,0,0,0,-512,-182,14616,7,99412,1,7129,125
123,10,6,0,0,0,0,0.12703,-0.02559,-0.02043,0,0,0,-372,-264,14568,7,99411,1,59396,125
123,10,6,0,0,0,0,0.12703,-0.0255,-0.02037,0,0,0,-388,-210,14614,7,99414,1,20668,125
123,10,6,0,0,0,0,0.127,-0.02553,-0.02016,0,0,0,-350,-258,14588,7,99410,1,38685,125
123,10,6,0,0,0,0,0.12697,-0.02527,-0.02007,0,0,0,-376,-282,14580,7,99408,1,27821,125
123,10,6,0,0,0,0,0.12695,-0.02524,-0.01997,0,0,0,-340,-298,14598,7,99410,1,8277,125
123,10,6,0,0,0,0,0.12692,-0.02524,-0.01976,0,0,0,-344,-300,14634,7,99408,1,6874,125
123,10,6,0,0,0,0,0.12689,-0.02502,-0.01967,0,0,0,-342,-248,14610,7,99410,1,27995,125
123,10,6,0,0,0,0,0.12683,-0.02515,-0.0194,0,0,0,-390,-296,14576,7,99411,1,6466,125
123,10,6,0,0,0,0,0.12686,-0.02512,-0.01949,0,0,0,-338,-306,14624,7,99408,1,31360,125
123,10,6,0,0,0,0,0.12682,-0.02505,-0.01949,0,0,0,-372,-318,14614,7,99411,1,12243,125
123,10,6,0,0,0,0,0.12679,-0.02512,-0.01952,0,0,0,-382,-270,14632,7,99409,1,26757,125
123,10,6,0,0,0,0,0.12668,-0.0252,-0.0194,0,0,0,-350,-250,14628,7,99413,1,4067,125
123,10,6,0,0,0,0,0.12662,-0.02515,-0.01936,0,0,0,-374,-264,14794,7,99413,1,43914,125
123,10,6,0,0,0,0,0.12668,-0.02536,-0.01924,0,0,0,-298,-246,14522,7,99409,1,31380,125
123,10,6,0,0,0,0,0.12682,-0.02544,-0.01903,0,0,0,-406,-250,14640,7,99410,1,22693,125
123,10,6,0,0,0,0,0.12697,-0.02539,-0.01912,0,0,0,-346,-308,14648,7,99409,1,32482,125
123,10,6,0,0,0,0,0.12689,-0.02527,-0.01921,0,0,0,-366,-260,14610,7,99409,1,45474,125
123,10,6,0,0,0,0,0.12689,-0.0252,-0.01921,0,0,0,-360,-290,14504,7,99409,1,44569,125
123,10,6,0,0,0,0,0.12686,-0.0253,-0.01945,0,0,0,-374,-326,14560,7,99408,1,59291,125
123,10,6,0,0,0,0,0.12689,-0.0253,-0.01945,0,0,0,-360,-248,14608,7,99408,1,18270,125
123,10,6,0,0,0,0,0.12689,-0.0253,-0.01933,0,0,0,-346,-296,14650,7,99407,1,7741,125
123,10,6,0,0,0,0,0.12695,-0.02527,-0.0194,0,0,0,-378,-274,14652,7,99408,1,12541,125
123,10,6,0,0,0,0,0.12683,-0.0253,-0.01942,0,0,0,-568,38,14574,7,99408,1,64403,125
123,10,6,0,0,0,0,0.12683,-0.02518,-0.01955,0,0,0,-282,-258,14576,7,99407,1,37758,125
123,10,6,0,0,0,0,0.12683,-0.02509,-0.01949,0,0,0,-476,-354,14610,7,99408,1,64700,125
123,10,6,0,0,0,0,0.12686,-0.02553,-0.01936,0,0,0,-384,-254,14710,7,99409,1,20664,125
123,10,6,0,0,0,0,0.12668,-0.02527,-0.0193,0,0,0,-380,-286,14646,7,99406,1,8416,125
123,10,6,0,0,0,0,0.12646,-0.02545,-0.01924,0,0,0,-390,-320,14622,7,99406,1,44729,125
123,10,6,0,0,0,0,0.12646,-0.02563,-0.01915,0,0,0,-378,-290,14612,7,99406,1,48384,125
123,10,6,0,0,0,0,0.12646,-0.0256,-0.0193,0,0,0,-368,-250,14636,7,99408,1,50671,125
123,10,6,0,0,0,0,0.12646,-0.0256,-0.01915,0,0,0,-392,-268,14634,7,99406,1,58552,125
123,10,6,0,0,0,0,0.12653,-0.02573,-0.01903,0,0,0,-366,-274,14578,7,99407,1,860,125
123,10,6,0,0,0,0,0.12665,-0.02548,-0.01918,0,0,0,-360,-274,14614,7,99408,1,55731,125
123,10,6,0,0,0,0,0.12672,-0.02545,-0.01912,0,0,0,-394,-282,14700,7,99409,1,8801,125
123,10,6,0,0,0,0,0.12668,-0.02542,-0.01906,0,0,0,-362,-270,14620,7,99406,1,13431,125
123,10,6,0,0,0,0,0.12662,-0.02554,-0.01897,0,0,0,-352,-298,14616,7,99408,1,5918,125
123,10,6,0,0,0,0,0.12665,-0.02551,-0.01894,0,0,0,-372,-290,14576,7,99407,1,64992,125
123,10,6,0,0,0,0,0.12666,-0.02542,-0.01884,0,0,0,-368,-278,14570,7,99409,1,33279,125
123,10,6,0,0,0,0,0.12666,-0.02542,-0.01872,0,0,0,-368,-268,14598,7,99409,1,62151,125
123,10,6,0,0,0,0,0.12671,-0.02539,-0.01878,0,0,0,-376,-286,14644,7,99408,1,6320,125
123,10,6,0,0,0,0,0.12663,-0.02542,-0.01881,0,0,0,-386,-282,14614,7,99408,1,56096,125
123,10,6,0,0,0,0,0.12663,-0.02551,-0.01869,0,0,0,-348,-280,14604,7,99408,1,29018,125
123,10,6,0,0,0,0,0.12657,-0.02557,-0.01866,0,0,0,-392,-260,14606,7,99407,1,62889,125
123,10,6,0,0,0,0,0.1266,-0.0257,-0.01857,0,0,0,-360,-294,14594,7,99409,1,20141,125
123,10,6,0,0,0,0,0.12666,-0.02573,-0.01848,0,0,0,-362,-288,14604,7,99406,1,54080,125
123,10,6,0,0,0,0,0.12677,-0.02539,-0.01866,0,0,0,-368,-270,14638,7,99408,1,28525,125
123,10,6,0,0,0,0,0.12674,-0.02542,-0.01884,0,0,0,-358,-298,14610,7,99410,1,11570,125
123,10,6,0,0,0,0,0.12671,-0.02536,-0.0189,0,0,0,-378,-276,14584,7,99408,1,34526,125
123,10,6,0,0,0,0,0.12666,-0.02527,-0.01888,0,0,0,-364,-288,14596,7,99408,1,51968,125
123,10,6,0,0,0,0,0.12663,-0.02536,-0.0189,0,0,0,-326,-282,14604,7,99409,1,33274,125
123,10,6,0,0,0,0,0.12662,-0.02548,-0.01897,0,0,0,-390,-258,14618,7,99412,1,5709,125
123,10,6,0,0,0,0,0.12659,-0.02548,-0.01897,0,0,0,-382,-268,14622,7,99408,1,23799,125
123,10,6,0,0,0,0,0.12657,-0.02542,-0.019,0,0,0,-382,-308,14642,7,99410,1,4087,125
123,10,6,0,0,0,0,0.12653,-0.02539,-0.01909,0,0,0,-372,-286,14576,7,99412,1,22991,125
123,10,6,0,0,0,0,0.12646,-0.02539,-0.019,0,0,0,-358,-214,14648,7,99409,1,29536,125
123,10,6,0,0,0,0,0.1264,-0.02556,-0.01912,0,0,0,-396,-250,14602,7,99410,1,33163,125
123,10,6,0,0,0,0,0.1264,-0.02571,-0.01881,0,0,0,-374,-266,14580,7,99410,1,45869,125
123,10,6,0,0,0,0,0.1265,-0.02554,-0.01903,0,0,0,-370,-344,14678,7,99410,1,45460,125
123,10,6,0,0,0,0,0.1265,-0.02536,-0.01909,0,0,0,-364,-288,14598,7,99412,1,59227,125
123,10,6,0,0,0,0,0.12646,-0.02536,-0.01927,0,0,0,-376,-310,14586,7,99410,1,64516,125
123,10,6,0,0,0,0,0.12646,-0.0253,-0.01933,0,0,0,-370,-276,14596,7,99412,1,52956,125
123,10,6,0,0,0,0,0.1265,-0.02536,-0.01936,0,0,0,-364,-270,14618,7,99408,1,62463,125
123,10,6,0,0,0,0,0.12643,-0.02533,-0.01936,0,0,0,-350,-260,14614,7,99413,1,17460,125
123,10,6,0,0,0,0,0.1264,-0.0253,-0.01924,0,0,0,-366,-254,14628,7,99412,1,21285,125
123,10,6,0,0,0,0,0.12637,-0.02527,-0.01924,0,0,0,-368,-288,14624,7,99412,1,62789,125
123,10,6,0,0,0,0,0.12637,-0.0253,-0.01924,0,0,0,-376,-274,14622,7,99410,1,60568,125
123,10,6,0,0,0,0,0.12631,-0.02544,-0.01924,0,0,0,-392,-262,14640,7,99411,1,34166,125
123,10,6,0,0,0,0,0.12628,-0.0254,-0.01921,0,0,0,-362,-280,14590,7,99411,1,23470,125
123,10,6,0,0,0,0,0.12622,-0.02548,-0.01921,0,0,0,-368,-284,14610,7,99416,1,39948,125
123,10,6,0,0,0,0,0.12613,-0.0256,-0.01921,0,0,0,-402,-274,14576,7,99414,1,37823,125
123,10,6,0,0,0,0,0.1261,-0.0256,-0.01912,0,0,0,-370,-280,14600,7,99413,1,54917,125
123,10,6,0,0,0,0,0.12607,-0.02557,-0.01912,0,0,0,-348,-274,14608,7,99412,1,10708,125
123,10,6,0,0,0,0,0.12604,-0.02551,-0.019,0,0,0,-352,-270,14590,7,99413,1,49022,125
123,10,6,0,0,0,0,0.12604,-0.0256,-0.01894,0,0,0,-372,-274,14590,7,99414,1,10777,125
123,10,6,0,0,0,0,0.12604,-0.02573,-0.01888,0,0,0,-372,-286,14612,7,99414,1,48226,125
123,10,6,0,0,0,0,0.12604,-0.02567,-0.01894,0,0,0,-368,-286,14630,7,99414,1,53795,125
123,10,6,0,0,0,0,0.12598,-0.0256,-0.01894,0,0,0,-366,-284,14606,7,99416,1,19561,125
123,10,6,0,0,0,0,0.12595,-0.02567,-0.019,0,0,0,-376,-288,14616,7,99414,1,18643,125
123,10,6,0,0,0,0,0.12595,-0.0257,-0.01906,0,0,0,-374,-264,14608,7,99415,1,42164,125
123,10,6,0,0,0,0,0.126,-0.02567,-0.01897,0,0,0,-352,-236,14586,7,99413,1,45804,125
123,10,6,0,0,0,0,0.126,-0.02563,-0.019,0,0,0,-366,-278,14614,7,99415,1,60766,125
123,10,6,0,0,0,0,0.126,-0.02567,-0.019,0,0,0,-380,-294,14620,7,99412,1,22478,125
123,10,6,0,0,0,0,0.126,-0.02567,-0.019,0,0,0,-358,-288,14618,7,99411,1,20494,125
123,10,6,0,0,0,0,0.126,-0.02573,-0.01897,0,0,0,-360,-292,14614,7,99414,1,3866,125
123,10,6,0,0,0,0,0.12598,-0.02573,-0.01894,0,0,0,-360,-274,14628,7,99415,1,59080,125
123,10,6,0,0,0,0,0.12598,-0.02567,-0.01884,0,0,0,-372,-290,14618,7,99414,1,50457,125
123,10,6,0,0,0,0,0.12593,-0.02574,-0.01866,0,0,0,-362,-260,14632,7,99411,1,13011,125
123,10,6,0,0,0,0,0.12596,-0.02573,-0.01869,0,0,0,-372,-290,14584,7,99414,1,1207,125
123,10,6,0,0,0,0,0.12584,-0.02571,-0.01875,0,0,0,-378,-268,14604,7,99415,1,6078,125
123,10,6,0,0,0,0,0.12584,-0.02565,-0.01878,0,0,0,-380,-264,14600,7,99413,1,62394,125
123,10,6,0,0,0,0,0.12584,-0.02574,-0.01866,0,0,0,-396,-278,14632,7,99412,1,55809,125
123,10,6,0,0,0,0,0.12576,-0.0257,-0.01863,0,0,0,-372,-282,14578,7,99414,1,35693,125
123,10,6,0,0,0,0,0.12573,-0.0257,-0.01866,0,0,0,-362,-268,14602,7,99414,1,13215,125
123,10,6,0,0,0,0,0.1257,-0.0256,-0.01869,0,0,0,-364,-294,14612,7,99413,1,19664,125
123,10,6,0,0,0,0,0.1257,-0.02551,-0.01875,0,0,0,-364,-274,14586,7,99411,1,10451,125
123,10,6,0,0,0,0,0.12569,-0.02551,-0.0186,0,0,0,-358,-274,14608,7,99410,1,24532,125
123,10,6,0,0,0,0,0.12566,-0.02554,-0.01857,0,0,0,-362,-284,14590,7,99411,1,42423,125
123,10,6,0,0,0,0,0.1257,-0.02551,-0.0186,0,0,0,-354,-294,14626,7,99413,1,46605,125
123,10,6,0,0,0,0,0.1257,-0.02548,-0.01857,0,0,0,-390,-262,14668,7,99409,1,7717,125
123,10,6,0,0,0,0,0.12566,-0.02545,-0.0186,0,0,0,-348,-280,14608,7,99411,1,2813,125
123,10,6,0,0,0,0,0.12566,-0.02536,-0.01854,0,0,0,-362,-290,14592,7,99411,1,17590,125
123,10,6,0,0,0,0,0.12566,-0.02533,-0.01851,0,0,0,-376,-274,14590,7,99413,1,8787,125
123,10,6,0,0,0,0,0.12563,-0.02542,-0.01854,0,0,0,-386,-282,14620,7,99408,1,38535,125
123,10,6,0,0,0,0,0.12563,-0.0253,-0.0186,0,0,0,-350,-296,14582,7,99414,1,12390,125
123,10,6,0,0,0,0,0.1256,-0.02524,-0.01863,0,0,0,-370,-266,14608,7,99411,1,49367,125
123,10,6,0,0,0,0,0.1256,-0.02518,-0.01863,0,0,0,-366,-272,14590,7,99408,1,58976,125
123,10,6,0,0,0,0,0.12563,-0.02515,-0.01866,0,0,0,-364,-290,14622,7,99408,1,2053,125
123,10,6,0,0,0,0,0.12563,-0.02515,-0.01884,0,0,0,-358,-284,14624,7,99408,1,3992,125
123,10,6,0,0,0,0,0.12556,-0.02524,-0.01897,0,0,0,-372,-284,14570,7,99407,1,22612,125
123,10,6,0,0,0,0,0.12556,-0.02527,-0.0189,0,0,0,-394,-258,14620,7,99410,1,34895,125
123,10,6,0,0,0,0,0.1256,-0.02539,-0.01869,0,0,0,-354,-254,14632,7,99410,1,10964,125
123,10,6,0,0,0,0,0.1256,-0.02524,-0.01851,0,0,0,-376,-264,14646,7,99408,1,19431,125
123,10,6,0,0,0,0,0.1256,-0.02527,-0.01851,0,0,0,-358,-272,14634,7,99412,1,49903,125
123,10,6,0,0,0,0,0.12556,-0.02539,-0.01854,0,0,0,-380,-270,14618,7,99409,1,43770,125
123,10,6,0,0,0,0,0.12553,-0.02542,-0.01863,0,0,0,-366,-294,14592,7,99410,1,20240,125
123,10,6,0,0,0,0,0.12556,-0.02533,-0.01872,0,0,0,-350,-268,14626,7,99407,1,21948,125
123,10,6,0,0,0,0,0.1256,-0.02539,-0.01875,0,0,0,-372,-292,14628,7,99408,1,7800,125
123,10,6,0,0,0,0,0.12556,-0.02536,-0.01884,0,0,0,-388,-276,14614,7,99410,1,34157,125
123,10,6,0,0,0,0,0.12556,-0.0253,-0.01888,0,0,0,-360,-272,14614,7,99409,1,18970,125
123,10,6,0,0,0,0,0.12556,-0.02536,-0.01894,0,0,0,-372,-250,14668,7,99411,1,23216,125
123,10,6,0,0,0,0,0.12555,-0.02548,-0.0189,0,0,0,-354,-270,14602,7,99410,1,21515,125
123,10,6,0,0,0,0,0.1255,-0.0253,-0.01888,0,0,0,-384,-294,14582,7,99407,1,8350,125
123,10,6,0,0,0,0,0.12547,-0.0253,-0.01884,0,0,0,-372,-286,14594,7,99408,1,40451,125
123,10,6,0,0,0,0,0.12547,-0.02536,-0.0189,0,0,0,-344,-282,14624,7,99408,1,4406,125
123,10,6,0,0,0,0,0.1255,-0.02533,-0.01894,0,0,0,-364,-328,14672,7,99411,1,38093,125
123,10,6,0,0,0,0,0.12547,-0.02551,-0.01884,0,0,0,-376,-290,14576,7,99409,1,46854,125
123,10,6,0,0,0,0,0.12537,-0.0254,-0.01903,0,0,0,-384,-268,14546,7,99405,1,51740,125
123,10,6,0,0,0,0,0.12534,-0.02559,-0.01884,0,0,0,-384,-276,14620,7,99408,1,2163,125
123,10,6,0,0,0,0,0.12526,-0.02542,-0.01897,0,0,0,-356,-244,14626,7,99408,1,13398,125
123,10,6,0,0,0,0,0.12527,-0.02524,-0.01884,0,0,0,-360,-278,14618,7,99409,1,65352,125
123,10,6,0,0,0,0,0.12521,-0.0253,-0.01897,0,0,0,-374,-300,14592,7,99410,1,24108,125
123,10,6,0,0,0,0,0.12523,-0.02536,-0.01903,0,0,0,-378,-276,14612,7,99409,1,57749,125
123,10,6,0,0,0,0,0.1252,-0.02536,-0.019,0,0,0,-348,-302,14576,7,99410,1,48156,125
123,10,6,0,0,0,0,0.12515,-0.0252,-0.019,0,0,0,-378,-270,14638,7,99410,1,13486,125
123,10,6,0,0,0,0,0.1251,-0.0252,-0.01909,0,0,0,-358,-250,14616,7,99410,1,45925,125
123,10,6,0,0,0,0,0.12509,-0.0253,-0.01897,0,0,0,-374,-260,14624,7,99409,1,41725,125
123,10,6,0,0,0,0,0.12506,-0.02539,-0.01881,0,0,0,-354,-240,14618,7,99406,1,43495,125
123,10,6,0,0,0,0,0.12506,-0.02539,-0.01884,0,0,0,-374,-304,14586,7,99409,1,7600,125
123,10,6,0,0,0,0,0.12506,-0.02539,-0.0189,0,0,0,-354,-286,14584,7,99407,1,27193,125
123,10,6,0,0,0,0,0.12509,-0.02545,-0.01888,0,0,0,-378,-312,14638,7,99407,1,45243,125
123,10,6,0,0,0,0,0.12509,-0.02542,-0.01888,0,0,0,-374,-282,14620,7,99407,1,32122,125
123,10,6,0,0,0,0,0.12508,-0.02536,-0.01903,0,0,0,-388,-296,14614,7,99407,1,62581,125
123,10,6,0,0,0,0,0.12508,-0.02533,-0.01903,0,0,0,-370,-268,14606,7,99407,1,6097,125
123,10,6,0,0,0,0,0.12508,-0.02527,-0.01909,0,0,0,-390,-282,14630,7,99406,1,20362,125
123,10,6,0,0,0,0,0.12505,-0.0254,-0.01915,0,0,0,-368,-256,14606,7,99408,1,54787,125
123,10,6,0,0,0,0,0.12505,-0.02547,-0.01915,0,0,0,-384,-280,14596,7,99406,1,18702,125
123,10,6,0,0,0,0,0.12505,-0.02551,-0.01906,0,0,0,-372,-264,14616,7,99408,1,1439,125
123,10,6,0,0,0,0,0.12498,-0.02548,-0.01903,0,0,0,-364,-264,14596,7,99408,1,44633,125
123,10,6,0,0,0,0,0.12492,-0.0255,-0.01912,0,0,0,-382,-284,14600,7,99406,1,18755,125
123,10,6,0,0,0,0,0.12497,-0.0255,-0.01915,0,0,0,-362,-280,14628,7,99403,1,34179,125
123,10,6,0,0,0,0,0.12495,-0.02554,-0.01906,0,0,0,-370,-284,14648,7,99405,1,53870,125
123,10,6,0,0,0,0,0.12495,-0.0256,-0.019,0,0,0,-374,-280,14614,0,99403,1,37027,125
123,10,6,0,0,0,0,0.12498,-0.0256,-0.01894,0,0,0,-386,-288,14626,7,99404,1,22759,125
123,10,6,0,0,0,0,0.12498,-0.02554,-0.01897,0,0,0,-344,-284,14602,7,99402,1,7638,125
123,10,6,0,0,0,0,0.12498,-0.02557,-0.01894,0,0,0,-364,-280,14628,7,99404,1,40998,125
123,10,6,0,0,0,0,0.12498,-0.02551,-0.01894,0,0,0,-374,-274,14618,7,99404,1,16406,125
123,10,6,0,0,0,0,0.12498,-0.02557,-0.01897,0,0,0,-378,-282,14612,7,99403,1,16320,125
123,10,6,0,0,0,0,0.12498,-0.0257,-0.01909,0,0,0,-368,-260,14630,7,99405,1,9070,125
123,10,6,0,0,0,0,0.12495,-0.0257,-0.01909,0,0,0,-374,-282,14616,7,99405,1,63885,125
123,10,6,0,0,0,0,0.12494,-0.02574,-0.01921,0,0,0,-382,-270,14622,7,99405,1,55718,125
123,10,6,0,0,0,0,0.12494,-0.0259,-0.01924,0,0,0,-376,-286,14610,7,99404,1,16290,125
123,10,6,0,0,0,0,0.12494,-0.02583,-0.01924,0,0,0,-344,-282,14594,7,99401,1,61635,125
123,10,6,0,0,0,0,0.12494,-0.02565,-0.01927,0,0,0,-386,-272,14604,7,99404,1,6630,125
123,10,6,0,0,0,0,0.12485,-0.02583,-0.0193,0,0,0,-380,-254,14582,7,99404,1,18560,125
123,10,6,0,0,0,0,0.12482,-0.02577,-0.01915,0,0,0,-370,-276,14604,7,99403,1,1905,125
123,10,6,0,0,0,0,0.12483,-0.02574,-0.01912,0,0,0,-370,-262,14610,7,99406,1,5748,125
123,10,6,0,0,0,0,0.12483,-0.02571,-0.01906,0,0,0,-364,-284,14614,7,99405,1,18626,125
123,10,6,0,0,0,0,0.12486,-0.02565,-0.01912,0,0,0,-354,-290,14622,7,99403,1,17783,125
123,10,6,0,0,0,0,0.12486,-0.02547,-0.01912,0,0,0,-362,-276,14638,7,99403,1,56990,125
123,10,6,0,0,0,0,0.1249,-0.02544,-0.01903,0,0,0,-378,-286,14626,7,99403,1,64638,125
123,10,6,0,0,0,0,0.1249,-0.02547,-0.019,0,0,0,-390,-278,14626,7,99399,1,46484,125
123,10,6,0,0,0,0,0.12483,-0.02544,-0.01897,0,0,0,-380,-270,14584,7,99402,1,28981,125
123,10,6,0,0,0,0,0.12485,-0.02544,-0.01888,0,0,0,-374,-296,14652,7,99403,1,20103,125
123,10,6,0,0,0,0,0.12483,-0.0254,-0.01903,0,0,0,-390,-284,14624,7,99401,1,48428,125
123,10,6,0,0,0,0,0.1249,-0.02553,-0.01903,0,0,0,-358,-298,14588,7,99401,1,41615,125
123,10,6,0,0,0,0,0.12491,-0.02556,-0.01915,0,0,0,-358,-288,14610,7,99401,1,17811,125
123,10,6,0,0,0,0,0.12483,-0.02562,-0.01912,0,0,0,-356,-262,14624,7,99400,1,40218,125
123,10,6,0,0,0,0,0.12479,-0.02547,-0.01915,0,0,0,-378,-274,14608,7,99403,1,27545,125
123,10,6,0,0,0,0,0.1247,-0.0255,-0.01915,0,0,0,-356,-278,14640,7,99400,1,23251,125
123,10,6,0,0,0,0,0.1247,-0.02539,-0.01912,0,0,0,-372,-290,14600,7,99406,1,39998,125
123,10,6,0,0,0,0,0.1247,-0.02539,-0.01921,0,0,0,-386,-292,14592,7,99403,1,25064,125
123,10,6,0,0,0,0,0.1247,-0.02539,-0.01912,0,0,0,-366,-270,14610,7,99402,1,1415,125
123,10,6,0,0,0,0,0.12466,-0.02545,-0.01918,0,0,0,-374,-304,14572,7,99404,1,57348,125
123,10,6,0,0,0,0,0.12463,-0.02554,-0.01912,0,0,0,-356,-286,14602,7,99401,1,39833,125
123,10,6,0,0,0,0,0.12463,-0.02551,-0.01918,0,0,0,-358,-250,14624,7,99404,1,33736,125
123,10,6,0,0,0,0,0.12463,-0.02545,-0.01912,0,0,0,-358,-284,14590,7,99401,1,4125,125
123,10,6,0,0,0,0,0.12466,-0.02542,-0.01906,0,0,0,-364,-258,14628,7,99404,1,6144,125
123,10,6,0,0,0,0,0.12466,-0.02539,-0.01903,0,0,0,-376,-256,14624,7,99402,1,29060,125
123,10,6,0,0,0,0,0.12466,-0.02545,-0.019,0,0,0,-370,-274,14616,7,99401,1,6049,125
123,10,6,0,0,0,0,0.12465,-0.02539,-0.0189,0,0,0,-374,-266,14604,7,99403,1,14624,125
123,10,6,0,0,0,0,0.12462,-0.02536,-0.01894,0,0,0,-362,-284,14578,7,99401,1,11626,125
123,10,6,0,0,0,0,0.12454,-0.02542,-0.01897,0,0,0,-388,-308,14622,7,99402,1,26610,125
123,10,6,0,0,0,0,0.12454,-0.02538,-0.01915,0,0,0,-348,-286,14588,7,99402,1,24121,125
123,13,6,0,0,0,0,0,-0.00003,0.00012,0,0,0,-384,-286,14618,7,1,1,18088,125
123,13,6,0,0,0,0,-0.00003,-0.00012,0.00009,0,0,0,-390,-274,14638,7,1,1,46001,125
123,13,6,0,0,0,0,-0.00003,-0.00021,0.00006,0,0,0,-394,-272,14602,7,0,1,23998,125
123,13,6,0,0,0,0,-0.00003,-0.00024,0.00003,0,0,0,-348,-266,14642,7,1,1,51318,125
123,13,6,0,0,0,0,-0.00008,-0.00017,0.00018,0,0,0,-354,-264,14638,7,0,1,41242,125
123,13,6,0,0,0,0,-0.00012,-0.00014,0.00015,0,0,0,-364,-288,14614,7,0,1,17878,125
123,13,6,0,0,0,0,-0.0001,0.00003,0.00009,0,0,0,-370,-290,14624,7,1,1,6419,125
123,13,6,0,0,0,0,-0.00012,0.00003,0.00006,0,0,0,-358,-302,14614,7,1,1,54840,125
123,13,6,0,0,0,0,-0.00015,0.00006,-0.00003,0,0,0,-354,-240,14602,7,-1,1,51298,125
123,13,6,0,0,0,0,-0.00015,0.00006,-0.00003,0,0,0,-362,-298,14626,7,1,1,25857,125
123,13,6,0,0,0,0,-0.00015,0.00006,-0.00003,0,0,0,-366,-294,14612,7,0,1,31373,125
123,13,6,0,0,0,0,-0.00018,0.00003,-0.00012,0,0,0,-350,-284,14600,7,0,1,23581,125
123,13,6,0,0,0,0,-0.00021,0,-0.00012,0,0,0,-374,-280,14606,7,1,1,5906,125
123,13,6,0,0,0,0,-0.00021,-0.00014,-0.00012,0,0,0,-386,-254,14634,7,-1,1,30262,125
123,13,6,0,0,0,0,-0.00018,-0.00014,-0.00009,0,0,0,-376,-266,14604,7,-1,1,54829,125
123,13,6,0,0,0,0,-0.00021,-0.00026,-0.00018,0,0,0,-378,-284,14588,7,0,1,48292,125
123,13,6,0,0,0,0,-0.00024,-0.00032,-0.00012,0,0,0,-356,-288,14618,7,1,1,48415,125
123,13,6,0,0,0,0,-0.00021,-0.00029,-0.00018,0,0,0,-350,-252,14592,7,0,1,3485,125
123,13,6,0,0,0,0,-0.00018,-0.00023,-0.00021,0,0,0,-370,-274,14586,7,1,1,52965,125
123,13,6,0,0,0,0,-0.00015,-0.0001,-0.00012,0,0,0,-338,-290,14794,7,0,1,35021,125
123,13,6,0,0,0,0,-0.00018,0.00021,-0.00037,0,0,0,-378,-268,14624,7,1,1,63138,125
123,13,6,0,0,0,0,-0.00021,0.00034,-0.00049,0,0,0,-378,-294,14550,7,2,1,6005,125
123,13,6,0,0,0,0,-0.00024,0.00046,-0.00055,0,0,0,-394,-318,14632,7,1,1,57667,125
123,13,6,0,0,0,0,-0.00024,0.00052,-0.00052,0,0,0,-388,-222,14660,7,2,1,50273,125
123,13,6,0,0,0,0,-0.0003,0.00043,-0.00027,0,0,0,-386,-252,14648,7,2,1,65252,125
123,13,6,0,0,0,0,-0.00037,0.00021,-0.00012,0,0,0,-352,-276,14600,7,1,1,60682,125
123,13,6,0,0,0,0,-0.00035,0.0003,-0.00003,0,0,0,-364,-254,14628,7,3,1,30011,125
123,13,6,0,0,0,0,-0.00035,0.00024,0,0,0,0,-376,-280,14628,7,3,1,44180,125
123,13,6,0,0,0,0,-0.00035,0.00018,0.00006,0,0,0,-376,-294,14566,7,2,1,61394,125
123,13,6,0,0,0,0,-0.00032,0.00018,0.00006,0,0,0,-362,-296,14586,7,4,1,47184,125
123,13,6,0,0,0,0,-0.0003,0.00018,-0.00003,0,0,0,-350,-266,14614,7,3,1,46525,125
123,13,6,0,0,0,0,-0.00035,0.00021,0.00009,0,0,0,-354,-278,14606,7,4,1,2972,125
123,13,6,0,0,0,0,-0.00035,0.0003,0.00006,0,0,0,-358,-270,14608,7,3,1,24946,125
123,13,6,0,0,0,0,-0.00035,0.00034,0.00009,0,0,0,-350,-294,14606,7,3,1,43284,125
123,13,6,0,0,0,0,-0.00032,0.0004,0.00012,0,0,0,-364,-296,14588,7,3,1,41535,125
123,13,6,0,0,0,0,-0.00029,0.00043,0.00009,0,0,0,-372,-264,14596,7,4,1,12894,125
123,13,6,0,0,0,0,-0.00029,0.00043,0,0,0,0,-376,-298,14600,7,3,1,28278,125
123,13,6,0,0,0,0,-0.00032,0.00043,0.00006,0,0,0,-366,-302,14626,7,3,1,59966,125
123,13,6,0,0,0,0,-0.00032,0.0003,0,0,0,0,-374,-292,14628,7,2,1,38390,125
123,13,6,0,0,0,0,-0.00035,0.00027,0.00006,0,0,0,-364,-262,14600,7,4,1,46868,125
123,13,6,0,0,0,0,-0.00035,0.0003,0.00006,0,0,0,-372,-302,14628,7,4,1,46135,125
123,13,6,0,0,0,0,-0.00041,0.00046,0.00006,0,0,0,-368,-264,14606,7,4,1,31103,125
123,13,6,0,0,0,0,-0.00038,0.00027,0.00012,0,0,0,-384,-260,14580,7,3,1,43995,125
123,13,6,0,0,0,0,-0.00038,0.00024,0.00012,0,0,0,-364,-276,14582,7,2,1,43872,125
123,13,6,0,0,0,0,-0.00038,0.00021,0.00006,0,0,0,-366,-282,14602,7,3,1,64918,125
123,13,6,0,0,0,0,-0.00032,0.00018,0.00006,0,0,0,-366,-266,14606,7,3,1,34089,125
123,13,6,0,0,0,0,-0.00035,0.00012,0.00021,0,0,0,-356,-270,14584,7,2,1,23175,125
123,13,6,0,0,0,0,-0.00044,0.00012,0.00015,0,0,0,-364,-282,14618,7,2,1,29745,125
123,13,6,0,0,0,0,-0.00044,0.00018,0.00015,0,0,0,-380,-252,14640,7,2,1,9449,125
123,13,6,0,0,0,0,-0.00047,0.00015,0.0003,0,0,0,-360,-250,14628,7,3,1,18780,125
123,13,6,0,0,0,0,-0.0005,0.00003,0.00027,0,0,0,-360,-258,14598,7,2,1,39507,125
123,13,6,0,0,0,0,-0.0005,0.00006,0.00021,0,0,0,-330,-316,14576,7,1,1,23930,125
123,13,6,0,0,0,0,-0.00047,0.00018,0.00018,0,0,0,-410,-206,14600,7,1,1,6525,125
123,13,6,0,0,0,0,-0.00047,0.0003,0.00018,0,0,0,-358,-302,14570,7,2,1,52893,125
123,13,6,0,0,0,0,-0.0005,0.00024,0.00012,0,0,0,-366,-214,14600,7,2,1,61726,125
123,13,6,0,0,0,0,-0.00053,0.00027,0.00015,0,0,0,-366,-302,14648,7,3,1,24562,125
123,13,6,0,0,0,0,-0.00053,0.00021,0.00009,0,0,0,-352,-276,14612,7,2,1,37494,125
123,13,6,0,0,0,0,-0.00053,0.00037,0.00006,0,0,0,-350,-304,14580,7,2,1,43570,125
123,13,6,0,0,0,0,-0.0005,0.0004,-0.00006,0,0,0,-366,-308,14620,7,1,1,35997,125
123,13,6,0,0,0,0,-0.00052,0.00034,-0.00018,0,0,0,-378,-276,14620,7,3,1,10874,125
123,13,6,0,0,0,0,-0.00046,0.00024,-0.00006,0,0,0,-366,-280,14596,7,3,1,40891,125
123,13,6,0,0,0,0,-0.00049,0.00018,-0.00009,0,0,0,-354,-280,14622,7,2,1,6660,125
123,13,6,0,0,0,0,-0.00052,0.00021,-0.00027,0,0,0,-376,-298,14626,7,3,1,7783,125
123,13,6,0,0,0,0,-0.00055,0.00027,-0.00043,0,0,0,-380,-296,14612,7,3,1,22953,125
123,13,6,0,0,0,0,-0.00058,0.00024,-0.0004,0,0,0,-388,-304,14596,7,3,1,14735,125
123,13,6,0,0,0,0,-0.00058,0.00018,-0.00049,0,0,0,-336,-280,14624,7,2,15,15721,125
123,13,6,0,0,0,0,-0.00058,0.00021,-0.0004,0,0,0,-388,-302,14608,0,3,15,4889,125
123,10,6,0,0,0,0,0.12393,-0.02487,-0.01949,0,0,0,-382,-246,14596,7,99403,2,9796,125
123,10,6,0,0,0,0,0.12396,-0.02509,-0.01927,0,0,0,-336,-242,14588,7,99403,2,44904,125
123,10,7,0,0,0,0,0.12395,-0.0249,-0.01918,0,0,0,-398,-304,14638,7,99403,2,31759,125
123,10,6,0,0,0,0,0.12392,-0.02501,-0.01912,0,0,0,-364,-252,14598,7,99403,2,48425,125
123,10,6,0,0,0,0,0.12386,-0.0249,-0.01912,0,0,0,-356,-304,14612,7,99403,2,29179,125
123,10,6,0,0,0,0,0.12384,-0.02505,-0.0193,0,0,0,-342,-288,14602,7,99401,2,46499,125
123,10,6,0,0,0,0,0.12381,-0.0252,-0.01927,0,0,0,-356,-274,14620,7,99406,2,50216,125
123,10,6,0,0,0,0,0.12393,-0.02509,-0.01933,0,0,0,-374,-284,14534,7,99404,2,64458,125
123,10,6,0,0,0,0,0.12387,-0.025,-0.01921,0,0,0,-356,-270,14594,7,99403,2,36146,125
123,10,6,0,0,0,0,0.12378,-0.02496,-0.01915,0,0,0,-390,-282,14618,7,99403,2,26900,125
123,10,6,0,0,0,0,0.12375,-0.02493,-0.01921,0,0,0,-372,-276,14632,7,99406,2,54344,125
123,10,6,0,0,0,0,0.12376,-0.02502,-0.01912,0,0,0,-350,-264,14584,7,99401,2,38755,125
123,10,6,0,0,0,0,0.12376,-0.02493,-0.01897,0,0,0,-356,-312,14580,7,99403,2,29039,125
123,10,6,0,0,0,0,0.12376,-0.02493,-0.01906,0,0,0,-382,-282,14650,7,99404,2,25348,125
123,10,6,0,0,0,0,0.12373,-0.02502,-0.01906,0,0,0,-382,-294,14594,7,99404,2,28622,125
123,10,6,0,0,0,0,0.12366,-0.02518,-0.01909,0,0,0,-372,-298,14620,7,99406,2,32323,125
123,10,6,0,0,0,0,0.1236,-0.02527,-0.01915,0,0,0,-358,-290,14652,7,99405,2,28835,125
123,10,6,0,0,0,0,0.12349,-0.02527,-0.01921,0,0,0,-376,-282,14620,7,99403,2,7534,125
123,10,6,0,0,0,0,0.12349,-0.02536,-0.01927,0,0,0,-378,-286,14598,7,99403,2,50949,125
123,10,6,0,0,0,0,0.12347,-0.02538,-0.01921,0,0,0,-380,-262,14596,7,99404,2,8129,125
123,10,6,0,0,0,0,0.12349,-0.02527,-0.01918,0,0,0,-422,-314,14512,7,99403,2,22182,125
123,10,6,0,0,0,0,0.12344,-0.02524,-0.01906,0,0,0,-418,-276,14640,7,99405,1,49106,125
123,10,6,0,0,0,0,0.12341,-0.02544,-0.01897,0,0,0,-382,-276,14650,7,99405,1,46914,125
123,10,6,0,0,0,0,0.12341,-0.0254,-0.01906,0,0,0,-364,-296,14592,7,99405,1,40124,125
123,10,6,0,0,0,0,0.12341,-0.0254,-0.01918,0,0,0,-380,-274,14626,7,99408,1,51076,125
123,10,6,0,0,0,0,0.12344,-0.02531,-0.01912,0,0,0,-362,-292,14616,7,99409,1,48079,125
123,10,6,0,0,0,0,0.12344,-0.02534,-0.01924,0,0,0,-352,-260,14602,7,99407,1,18317,125
123,10,6,0,0,0,0,0.12344,-0.02538,-0.0193,0,0,0,-370,-292,14608,7,99407,1,31601,125
123,10,6,0,0,0,0,0.12341,-0.02538,-0.0193,0,0,0,-382,-274,14630,7,99408,1,58157,125
123,10,6,0,0,0,0,0.12341,-0.0254,-0.0194,0,0,0,-388,-272,14614,7,99409,1,43021,125
123,10,6,0,0,0,0,0.12338,-0.0253,-0.01949,0,0,0,-370,-268,14602,7,99410,1,48540,125
123,10,6,0,0,0,0,0.1233,-0.02538,-0.01952,0,0,0,-358,-290,14626,7,99408,1,47650,125
123,10,6,0,0,0,0,0.1233,-0.0253,-0.01949,0,0,0,-388,-252,14622,7,99411,1,37867,125
123,10,6,0,0,0,0,0.1233,-0.0254,-0.01942,0,0,0,-388,-308,14618,7,99409,1,9310,125
123,10,6,0,0,0,0,0.12329,-0.02538,-0.01945,0,0,0,-358,-282,14630,7,99409,1,27725,125
123,10,6,0,0,0,0,0.12326,-0.0254,-0.01955,0,0,0,-358,-290,14638,7,99408,1,6191,125
123,10,6,0,0,0,0,0.12323,-0.02534,-0.01964,0,0,0,-346,-294,14628,7,99407,1,61402,125
123,10,6,0,0,0,0,0.12311,-0.02542,-0.01945,0,0,0,-370,-266,14634,7,99405,1,60235,125
123,10,6,0,0,0,0,0.12317,-0.02527,-0.0194,0,0,0,-294,-280,14588,7,99408,1,58923,125
123,13,6,0,0,0,0,0,0.00003,0.00006,0,0,0,-408,-326,14572,7,-1,1,59934,125
123,13,6,0,0,0,0,-0.00003,0.00009,0,0,0,0,-354,-284,14570,7,-1,1,37239,125
123,13,6,0,0,0,0,0,0.00015,0.00003,0,0,0,-378,-294,14596,7,0,1,24915,125
123,13,6,0,0,0,0,0,0.00006,-0.00006,0,0,0,-358,-288,14628,7,0,1,17315,125
123,13,6,0,0,0,0,-0.00006,0.00009,-0.00015,0,0,0,-368,-300,14614,7,2,1,1027,125
123,13,6,0,0,0,0,-0.00006,0.00015,-0.00018,0,0,0,-362,-274,14628,7,2,1,56186,125
123,13,6,0,0,0,0,-0.00006,0.00018,-0.00015,0,0,0,-376,-276,14622,7,3,1,47110,125
123,13,6,0,0,0,0,-0.00009,0.00021,-0.00021,0,0,0,-374,-302,14602,7,4,1,31368,125
123,13,6,0,0,0,0,-0.00009,0.00021,-0.00027,0,0,0,-370,-290,14592,7,3,1,24056,125
123,13,6,0,0,0,0,-0.00009,0.00018,-0.00024,0,0,0,-382,-280,14608,7,4,1,44655,125
123,13,6,0,0,0,0,-0.00009,0.00012,-0.00018,0,0,0,-370,-266,14628,7,3,1,28909,125
123,13,6,0,0,0,0,-0.00009,0,-0.00012,0,0,0,-352,-292,14616,7,4,1,34680,125
123,13,6,0,0,0,0,-0.00014,0.00003,-0.00006,0,0,0,-368,-280,14632,7,4,1,30301,125
123,13,6,0,0,0,0,-0.00006,0.00006,-0.00012,0,0,0,-360,-282,14584,7,3,1,41526,125
123,13,6,0,0,0,0,-0.00006,0.00027,-0.00021,0,0,0,-372,-302,14596,7,4,1,27246,125
123,13,6,0,0,0,0,-0.00014,0.00024,-0.00024,0,0,0,-360,-276,14624,7,3,1,26152,125
123,13,6,0,0,0,0,-0.00017,0.00027,-0.00024,0,0,0,-356,-288,14646,7,4,1,37439,125
123,13,6,0,0,0,0,-0.0002,0.00015,-0.00027,0,0,0,-366,-278,14624,7,5,1,46145,125
123,13,6,0,0,0,0,-0.0002,0.00009,-0.00024,0,0,0,-374,-282,14586,7,5,1,53803,125
123,13,6,0,0,0,0,-0.0002,0.00002,0,0,0,0,-366,-260,14592,7,7,1,17845,125
123,13,6,0,0,0,0,-0.0002,0.00018,0.00012,0,0,0,-336,-302,14564,7,7,1,61255,125
123,13,6,0,0,0,0,-0.0002,0.00024,0,0,0,0,-358,-282,14612,7,9,1,55155,125
123,13,6,0,0,0,0,-0.00023,0.0004,0.00003,0,0,0,-362,-264,14614,7,11,1,49127,125
123,13,6,0,0,0,0,-0.00026,0.00021,-0.00003,0,0,0,-372,-282,14630,7,13,1,40126,125
123,13,6,0,0,0,0,-0.00023,0.0003,0.00003,0,0,0,-356,-276,14606,7,12,1,24389,125
123,13,6,0,0,0,0,-0.00026,0.00027,0.00003,0,0,0,-376,-292,14634,7,15,1,21798,125
123,13,6,0,0,0,0,-0.00029,-0.00002,0.00006,0,0,0,-352,-266,14602,7,16,1,58449,125
123,13,6,0,0,0,0,-0.00026,0.00002,0.00006,0,0,0,-410,-204,14654,7,18,1,30162,125
123,13,6,0,0,0,0,-0.00023,-0.00008,-0.00003,0,0,0,-314,-286,14562,7,15,1,56140,125
123,13,6,0,0,0,0,-0.00017,0.00021,-0.00006,0,0,0,-376,-248,14520,7,17,1,48816,125
123,13,6,0,0,0,0,-0.0003,0.00027,0.00015,0,0,0,-336,-290,14548,7,17,1,22228,125
123,13,6,0,0,0,0,-0.00034,0.00043,0,0,0,0,-358,-302,14606,7,17,1,62395,125
123,13,6,0,0,0,0,-0.00037,0.0004,0.00006,0,0,0,-376,-318,14634,7,17,1,44413,125
123,13,6,0,0,0,0,-0.0004,0.00024,-0.00009,0,0,0,-386,-292,14606,7,16,1,56967,125
123,13,6,0,0,0,0,-0.00043,0.00027,-0.00009,0,0,0,-354,-290,14604,7,16,1,44223,125
123,13,6,0,0,0,0,-0.00043,0.0004,-0.00012,0,0,0,-348,-272,14608,7,15,1,55201,125
123,13,6,0,0,0,0,-0.00046,0.0003,-0.00015,0,0,0,-358,-274,14592,7,15,1,58014,125
123,13,6,0,0,0,0,-0.00046,0.0003,-0.00012,0,0,0,-364,-290,14622,7,15,1,5822,125
123,13,6,0,0,0,0,-0.00049,0.00034,-0.00006,0,0,0,-338,-288,14632,7,15,1,44007,125
123,13,6,0,0,0,0,-0.00049,0.00037,-0.00009,0,0,0,-376,-298,14598,7,17,1,29383,125
123,13,6,0,0,0,0,-0.00046,0.00034,-0.00006,0,0,0,-386,-288,14610,7,17,1,13537,125
123,13,6,0,0,0,0,-0.00046,0.00024,-0.00006,0,0,0,-356,-282,14584,7,18,1,12674,125
123,13,6,0,0,0,0,-0.00046,0.00021,-0.00009,0,0,0,-378,-288,14610,7,18,1,21542,125
123,13,6,0,0,0,0,-0.00046,0.0003,-0.00018,0,0,0,-354,-284,14584,7,19,1,52482,125
123,13,6,0,0,0,0,-0.00058,0.00043,-0.00012,0,0,0,-354,-272,14604,7,19,1,58326,125
123,13,6,0,0,0,0,-0.00058,0.00061,-0.00006,0,0,0,-362,-310,14588,7,19,1,28673,125
123,13,6,0,0,0,0,-0.00064,0.00064,-0.00003,0,0,0,-368,-294,14602,7,19,1,25195,125
123,13,6,0,0,0,0,-0.00067,0.00046,-0.00006,0,0,0,-374,-282,14598,7,18,1,50911,125
123,13,6,0,0,0,0,-0.0007,0.00037,-0.00015,0,0,0,-362,-280,14578,7,18,1,17013,125
123,13,6,0,0,0,0,-0.00067,0.00024,0.00003,0,0,0,-360,-288,14612,7,18,1,30502,125
123,13,6,0,0,0,0,-0.00064,0.00027,0.00006,0,0,0,-376,-278,14582,7,18,1,9083,125
123,13,6,0,0,0,0,-0.00067,0.00014,0.00018,0,0,0,-356,-276,14598,7,18,1,5377,125
123,13,6,0,0,0,0,-0.00064,0.00015,0.00024,0,0,0,-380,-276,14610,7,17,1,43016,125
123,13,6,0,0,0,0,-0.00064,0.00015,0.00024,0,0,0,-370,-278,14600,7,16,1,22796,125
123,13,6,0,0,0,0,-0.00064,0.00015,0.00018,0,0,0,-346,-264,14630,7,15,1,21789,125
123,13,6,0,0,0,0,-0.00061,0.00005,0.00021,0,0,0,-348,-294,14618,7,13,1,21868,125
123,13,6,0,0,0,0,-0.00064,0.00009,0.00021,0,0,0,-360,-258,14642,7,12,1,11305,125
123,13,6,0,0,0,0,-0.00069,0.00015,0.00027,0,0,0,-358,-276,14614,7,9,1,36457,125
123,13,6,0,0,0,0,-0.00073,0.00009,0.00015,0,0,0,-368,-298,14626,7,7,1,19698,125
123,13,6,0,0,0,0,-0.00076,0.00002,0.00006,0,0,0,-374,-294,14614,7,8,1,34732,125
123,13,6,0,0,0,0,-0.00073,-0.00005,-0.00003,0,0,0,-368,-296,14616,7,6,1,33511,125
123,13,6,0,0,0,0,-0.00067,-0.00005,0,0,0,0,-354,-280,14614,7,6,1,52857,125
123,13,6,0,0,0,0,-0.00067,0.00009,0,0,0,0,-376,-290,14610,7,5,1,8551,125
123,13,6,0,0,0,0,-0.0007,0.00002,0,0,0,0,-342,-276,14618,7,5,1,25350,125
123,13,6,0,0,0,0,-0.0007,0.00002,0.00003,0,0,0,-376,-294,14626,7,4,1,63164,125
123,13,6,0,0,0,0,-0.0007,0.00009,0.00012,0,0,0,-354,-284,14622,7,4,1,19909,125
123,13,6,0,0,0,0,-0.0007,0.00002,0.00006,0,0,0,-372,-272,14596,7,5,1,18195,125
123,13,6,0,0,0,0,-0.0007,-0.00008,-0.00003,0,0,0,-350,-270,14634,7,4,1,49408,125
123,13,6,0,0,0,0,-0.00067,-0.00014,-0.00006,0,0,0,-384,-274,14624,7,3,1,36499,125
123,13,6,0,0,0,0,-0.00061,-0.00003,-0.00006,0,0,0,-374,-290,14630,7,3,1,3612,125
123,13,6,0,0,0,0,-0.00055,0,-0.00003,0,0,0,-376,-278,14628,7,2,1,55027,125
123,13,6,0,0,0,0,-0.00055,0.00009,0.00006,0,0,0,-346,-276,14594,7,4,1,4783,125
123,13,6,0,0,0,0,-0.00061,0.00006,0.00003,0,0,0,-364,-294,14614,7,2,1,36899,125
123,13,6,0,0,0,0,-0.00058,0.00009,-0.00009,0,0,0,-364,-294,14620,7,2,1,56699,125
123,13,6,0,0,0,0,-0.00055,0.00006,-0.00003,0,0,0,-364,-274,14614,7,2,1,47084,125
123,13,6,0,0,0,0,-0.00058,0.00012,0.00006,0,0,0,-368,-278,14616,7,4,1,39185,125
123,13,6,0,0,0,0,-0.00058,0.00018,0.00009,0,0,0,-374,-276,14606,7,1,1,61097,125
123,13,6,0,0,0,0,-0.00055,0.00018,0.00012,0,0,0,-356,-274,14582,7,2,1,29535,125
123,13,6,0,0,0,0,-0.00058,0.00015,0.00024,0,0,0,-378,-276,14580,7,1,1,18234,125
123,13,6,0,0,0,0,-0.00053,0.00003,0.00027,0,0,0,-360,-268,14590,7,0,1,63727,125
123,13,6,0,0,0,0,-0.00053,0.00006,0.00024,0,0,0,-374,-290,14610,7,0,1,37013,125
123,13,6,0,0,0,0,-0.00064,0.00005,0.00021,0,0,0,-374,-258,14612,7,2,1,59484,125
123,13,6,0,0,0,0,-0.00064,0.00002,0.00021,0,0,0,-370,-300,14616,7,3,1,30972,125
123,13,6,0,0,0,0,-0.00061,0.00009,0.00009,0,0,0,-364,-302,14584,7,5,1,50444,125
123,13,6,0,0,0,0,-0.00064,0.00018,0.00021,0,0,0,-362,-294,14624,7,5,1,64203,125
123,13,6,0,0,0,0,-0.0007,0.00005,0.00012,0,0,0,-360,-270,14610,7,6,1,64356,125
123,13,6,0,0,0,0,-0.0007,-0.00005,0.00018,0,0,0,-378,-282,14596,7,7,1,32896,125
123,13,6,0,0,0,0,-0.00069,-0.00023,0.00034,0,0,0,-376,-280,14604,7,7,1,23437,125
123,13,6,0,0,0,0,-0.00078,-0.00026,0.00037,0,0,0,-354,-256,14620,7,8,1,63714,125
123,13,6,0,0,0,0,-0.00081,-0.00035,0.00034,0,0,0,-372,-286,14590,7,9,1,58178,125
123,13,6,0,0,0,0,-0.00081,-0.00032,0.0004,0,0,0,-376,-340,14696,7,11,1,55442,125
123,13,6,0,0,0,0,-0.00085,-0.0002,0.00015,0,0,0,-346,-240,14626,7,10,1,36541,125
123,13,6,0,0,0,0,-0.00089,-0.00003,0.00021,0,0,0,-376,-296,14600,7,9,1,26284,125
123,13,6,0,0,0,0,-0.00089,-0.00003,0.00021,0,0,0,-316,-296,14590,7,9,1,35829,125
123,10,6,0,0,0,0,-0.0009,0,0.00027,0,0,0,-388,-280,14600,7,6,1,18271,125
123,10,6,0,0,0,0,-0.00087,-0.00003,0.00024,0,0,0,-372,-300,14634,7,7,1,65237,125
123,10,6,0,0,0,0,-0.00089,-0.00003,0.00021,0,0,0,-362,-286,14628,7,6,1,46644,125
123,10,6,0,0,0,0,-0.00082,-0.00002,0.00012,0,0,0,-362,-288,14588,7,6,1,35554,125
123,10,6,0,0,0,0,-0.00085,-0.00005,0.00003,0,0,0,-382,-290,14606,7,5,1,6473,125
123,10,6,0,0,0,0,-0.00085,-0.00008,0,0,0,0,-378,-282,14586,7,6,1,29052,125
123,10,6,0,0,0,0,-0.0008,-0.0001,-0.00009,0,0,0,-372,-280,14616,7,4,1,52078,125
123,10,6,0,0,0,0,-0.00073,-0.00017,-0.00012,0,0,0,-368,-282,14610,7,4,1,50350,125
123,10,6,0,0,0,0,-0.00076,-0.00014,-0.00003,0,0,0,-368,-256,14614,7,4,1,36453,125
123,16,6,0,0,0,0,-0.0008,-0.00005,0,-0.0008,-0.18988,-0.14653,-384,-258,14612,7,4,1,40399,125
123,16,6,0,0,0,0,-0.00082,-0.0001,0.00012,-0.00082,-0.2372,-0.18887,-364,-288,14606,7,3,1,42589,125
123,16,6,0,0,0,0,-0.00092,-0.00003,0.00003,-0.00092,-0.29193,-0.23141,-356,-272,14638,7,2,1,9278,125
123,16,6,0,0,0,0,-0.00095,0.00006,0.00012,-0.00095,-0.21559,-0.17758,-354,-286,14602,7,1,1,45427,125
123,16,6,0,0,0,0,-0.00098,0.00015,0.00006,-0.00098,-0.25664,-0.21498,-378,-296,14618,7,3,1,35836,125
123,16,8,0,0,0,0,-0.00098,0,-0.00006,-0.00098,-0.3033,-0.24754,-386,-308,14626,7,2,1,28206,125
123,16,7,0,0,0,0,-0.00098,0,0.00006,-0.00098,-0.20052,-0.14972,-362,-282,14598,7,2,1,31247,125
123,16,6,0,0,0,0,-0.00104,0.00012,0.00009,-0.00104,-0.32599,-0.26195,-358,-282,14630,7,4,1,4424,125
123,16,6,0,0,0,0,-0.00104,0.00034,0.00009,-0.00104,-0.22343,-0.18083,-386,-294,14596,7,3,1,10342,125
123,16,6,0,0,0,0,-0.00111,0.00037,0,-0.00111,-0.22646,-0.18175,-382,-298,14600,7,3,1,52183,125
123,16,6,0,0,0,0,-0.00108,0.00037,0,-0.00108,-0.24257,-0.2027,-370,-284,14624,7,4,1,5801,125
123,16,5,0,0,0,0,-0.00108,0.00015,0.00006,-0.00108,-0.27882,-0.21028,-392,-272,14636,7,5,1,64694,125
123,16,7,0,0,0,0,-0.00108,0.00012,0.00015,-0.00108,-0.24934,-0.18704,-368,-264,14612,7,6,1,59643,125
123,16,7,0,0,0,0,-0.00108,0.00012,0.00006,-0.00108,-0.21751,-0.16968,-380,-286,14598,7,7,1,63726,125
123,16,6,0,0,0,0,-0.00108,-0.00009,-0.00006,-0.00108,-0.26659,-0.19489,-380,-274,14624,7,7,1,12259,125
123,16,6,0,0,0,0,-0.00108,-0.00018,0,-0.00108,-0.26453,-0.17961,-398,-244,14606,7,6,1,1207,125
123,16,8,0,0,0,0,-0.00111,-0.0002,0.00021,-0.00111,-0.24796,-0.20174,-382,-296,14626,7,6,1,55914,125
123,16,6,0,0,0,0,-0.00111,-0.00021,0.00009,-0.00111,-0.25034,-0.21747,-374,-300,14624,7,7,1,16740,125
123,16,6,0,0,0,0,-0.00114,-0.00009,0.00015,-0.00114,-0.20894,-0.15956,-340,-276,14582,7,4,1,14029,125
123,16,6,0,0,0,0,-0.0011,-0.00009,0.00027,-0.0011,-0.25392,-0.19609,-368,-288,14606,7,3,1,60932,125
123,16,6,0,0,0,0,-0.0011,-0.00006,0.0003,-0.0011,-0.23407,-0.16826,-362,-280,14604,7,3,1,8380,125
123,16,7,0,0,0,0,-0.0011,0,0.00037,-0.0011,-0.21634,-0.14807,-380,-266,14586,7,3,1,38565,125
123,16,6,0,0,0,0,-0.00114,0.00003,0.00037,-0.00114,-0.23145,-0.19592,-376,-296,14616,7,3,1,48424,125
123,16,7,0,0,0,0,-0.00114,0.00006,0.00037,-0.00114,-0.24611,-0.1826,-372,-274,14604,7,2,1,19696,125
123,16,6,0,0,0,0,-0.00117,0.00002,0.00043,-0.00117,-0.24316,-0.19507,-370,-308,14630,7,1,1,23870,125
123,16,6,0,0,0,0,-0.00114,0.00015,0.0003,-0.00114,-0.286,-0.22064,-390,-274,14622,7,1,1,59909,125
123,16,6,0,0,0,0,-0.00111,0.00015,0.00043,-0.00111,-0.18678,-0.14543,-376,-274,14616,7,1,1,8809,125
123,16,6,0,0,0,0,-0.00117,0.00002,0.0003,-0.00117,-0.2539,-0.20706,-372,-306,14612,7,0,1,12069,125
123,16,6,0,0,0,0,-0.00117,-0.00002,0.00015,-0.00117,-0.25526,-0.19527,-392,-292,14614,7,-1,1,3839,125
123,16,6,0,0,0,0,-0.0012,0.00002,0.00018,-0.0012,-0.2389,-0.19711,-354,-262,14614,7,1,1,31032,125
123,16,6,0,0,0,0,-0.0012,-0.00002,0.00009,-0.0012,-0.25978,-0.21083,-360,-298,14622,7,0,1,6786,125
123,16,6,0,0,0,0,-0.00124,0.00005,0.00012,-0.00124,-0.18608,-0.14029,-368,-268,14564,7,0,1,49575,125
123,16,6,0,0,0,0,-0.00162,0.00009,0.0034,-0.00162,-0.35797,-0.28821,-392,-294,14676,7,2,1,59457,125
123,16,5,0,0,0,0,-0.01889,0.001,0.07571,-0.01889,-0.1272,0.03879,-542,56,15152,7,1,1,53875,125
123,16,7,0,0,0,0,-0.04973,0.12253,0.20828,-0.04973,0.31364,0.78326,788,1996,14728,7,2,1,56708,125
123,16,6,0,0,0,0,-0.06444,0.23001,0.19905,-0.06444,0.38774,0.48705,1906,2026,14922,7,1,1,34093,125
123,16,6,0,0,0,0,0.01564,0.35641,0.05415,0.01564,0.76857,0.22821,3626,590,14866,7,2,1,1701,125
123,16,7,0,0,0,0,0.09734,0.4993,-0.11008,0.09734,0.85385,-0.55437,4994,-962,13748,7,1,1,31544,125
123,16,7,0,0,0,0,0.13708,0.59627,-0.26775,0.13708,0.9228,-0.70679,6264,-2366,13562,7,3,1,42744,125
123,16,7,0,0,0,0,0.16165,0.70267,-0.41956,0.16165,1.01501,-0.75703,7250,-3630,13260,7,2,1,9698,125
123,16,6,0,0,0,0,0.22318,0.8206,-0.58594,0.22318,0.92596,-1.39725,8028,-4908,11560,7,1,1,64077,125
123,16,6,0,0,0,0,0.40965,1.04308,-0.78929,0.40965,0.90172,-1.04877,11178,-4932,9754,7,-2,1,8211,125
123,16,7,0,0,0,0,0.88217,1.26927,-1.29712,0.88217,1.07469,-1.23064,13100,-4344,6092,7,-3,1,43062,125
123,16,7,0,0,0,0,1.45953,1.37823,-1.7247,1.45953,1.25246,-0.24503,16512,-1722,5638,7,-3,1,26903,125
123,16,5,0,0,0,0,1.7322,1.47688,-1.69493,1.7322,1.29858,-0.38992,15226,-2378,4718,7,0,1,22672,125
123,16,7,0,0,0,0,-1.15839,1.51196,0.54967,-1.15839,1.24437,0.04437,15670,772,6488,7,2,1,24737,125
123,16,7,0,0,0,0,-0.85336,1.33795,0.61345,-0.85336,1.2751,0.42465,14178,1574,5266,7,5,1,57173,125
123,16,6,0,0,0,0,-0.7064,1.12083,0.51738,-0.7064,1.08653,0.45566,13240,2862,7534,7,5,1,10533,125
123,16,8,0,0,0,0,-0.68787,0.91602,0.72328,-0.68787,0.9344,0.92775,12460,5164,9546,7,6,1,17782,125
123,16,7,0,0,0,0,-0.59795,0.71399,0.83025,-0.59795,0.88733,1.00716,10136,6642,10004,7,6,1,17575,125
123,16,6,0,0,0,0,-0.44571,0.51854,0.88354,-0.44571,0.94862,1.01244,8940,8750,11484,7,5,1,27922,125
123,16,6,0,0,0,0,-0.31374,0.30135,0.75089,-0.31374,0.85059,0.84293,7866,8188,9208,7,4,1,27278,125
123,16,7,0,0,0,0,-0.27914,0.0907,0.66776,-0.27914,0.65172,0.74765,4544,7818,10486,7,2,1,51325,125
123,16,6,0,0,0,0,-0.26239,-0.09131,0.69737,-0.26239,0.77866,0.81178,2382,8382,12484,7,3,1,32718,125
123,16,5,0,0,0,0,-0.27246,-0.11185,0.70149,-0.27246,0.16628,1.15356,1012,8770,14078,7,4,1,57798,125
123,16,7,0,0,0,0,-0.24554,-0.08421,0.43854,-0.24554,0.59778,0.85806,1570,6754,13118,7,5,1,31594,125
123,16,7,0,0,0,0,-0.19974,-0.10721,0.12083,-0.19974,0.42014,0.6469,1746,3632,13314,7,3,1,58269,125
123,16,6,0,0,0,0,-0.19565,-0.32317,-0.20856,-0.19565,-0.1755,0.60818,-918,-86,13916,7,1,1,32156,125
123,16,6,0,0,0,0,-0.21674,-0.5737,-0.55748,-0.21674,-0.8018,-0.95332,-4990,-2590,13360,7,0,1,46225,125
123,16,9,0,0,0,0,-0.31679,-0.57689,-1.03975,-0.31679,-0.62039,-0.62029,-5688,-6182,10066,7,0,1,48290,125
123,16,6,0,0,0,0,-0.45758,-0.44684,-1.40672,-0.45758,-0.79077,-0.79138,-5646,-9628,9468,7,-2,1,50645,125
123,16,6,0,0,0,0,-0.43935,-0.33952,-1.48878,-0.43935,-1.38269,-0.85402,-5958,-11864,9278,7,-3,1,7608,125
123,16,7,0,0,0,0,-0.32591,-0.26083,-1.37102,-0.32591,-0.61317,-0.94493,-4756,-11730,10714,0,-1,1,10969,125
123,16,6,0,0,0,0,-0.26933,-0.1753,-1.23708,-0.26933,-0.81966,-0.87965,-2726,-12106,9680,7,0,1,36593,125
123,16,6,0,0,0,0,-0.23363,0.03831,-1.02975,-0.23363,0.23589,-0.84027,922,-11174,9982,7,-2,1,12580,125
123,16,6,0,0,0,0,-0.32632,0.34654,-0.90213,-0.32632,1.19698,-0.8126,5500,-9650,10292,7,-2,1,18274,125
123,16,6,0,0,0,0,-0.68388,0.69211,-0.88434,-0.68388,0.95435,-0.99062,9706,-7798,9578,7,-2,1,16228,125
123,16,6,0,0,0,0,-1.32886,0.92593,-0.97585,-1.32886,0.88812,-0.93405,12176,-6758,7292,7,-2,1,53287,125
123,16,7,0,0,0,0,-1.75894,1.11131,-1.08315,-1.75894,1.0529,-0.90543,13620,-5406,6364,7,-2,1,29827,125
123,16,6,0,0,0,0,-1.93607,1.2574,-1.32399,-1.93607,1.15022,-0.82257,14134,-4922,3988,7,-1,1,14659,125
123,16,7,0,0,0,0,-1.85681,1.43918,-1.6053,-1.85681,1.37454,-0.34312,15678,-2330,2652,7,0,1,30789,125
123,16,6,0,0,0,0,-1.6944,1.49472,2.77185,-1.6944,1.46562,0.02547,18196,1552,3042,7,0,1,43975,125
123,16,7,0,0,0,0,-1.555,1.44614,1.81438,-1.555,1.40335,0.31622,16232,2392,2842,7,1,1,185,125
123,16,6,0,0,0,0,-1.44264,1.34538,1.46286,-1.44264,1.24498,0.42673,16210,4116,4384,7,3,1,39716,125
123,16,6,0,0,0,0,-1.42833,1.32559,1.31393,-1.42833,1.30658,0.51462,15826,3694,4090,7,3,1,63643,125
123,16,7,0,0,0,0,-1.46829,1.29704,0.70619,-1.46829,1.27444,0.42807,16104,3288,4870,7,4,1,57870,125
123,16,7,0,0,0,0,-1.47244,0.94836,-0.08856,-1.47244,1.16354,0.10388,13134,-492,6886,7,6,1,46555,125
123,16,6,0,0,0,0,-1.32707,0.56363,-0.3356,-1.32707,0.84221,-0.96027,9946,-3144,10586,7,5,1,29639,125
123,16,7,0,0,0,0,-1.1297,0.27022,-0.41672,-1.1297,0.87605,-1.36205,8192,-3732,12458,7,7,1,59198,125
123,16,6,0,0,0,0,-0.98843,-0.00856,-0.49495,-0.98843,1.23473,-1.22507,3948,-4948,13970,7,6,1,7844,125
123,16,7,0,0,0,0,-0.86858,-0.20686,-0.66763,-0.86858,1.05257,-0.80722,1732,-7050,13014,0,7,1,50666,125
123,16,6,0,0,0,0,-0.8857,-0.17592,-0.62312,-0.8857,0.32494,-0.97037,1318,-6980,14124,7,8,1,23197,125
123,16,7,0,0,0,0,-0.96104,-0.03397,-0.37598,-0.96104,0.82129,-1.25345,3090,-3868,14766,7,9,1,38963,125
123,16,7,0,0,0,0,-0.97313,0.00444,-0.20459,-0.97313,0.63411,-0.60297,2818,-2824,13588,7,8,1,48314,125
123,16,6,0,0,0,0,-0.99403,0.02837,-0.08437,-0.99403,1.04886,-1.01613,2754,-1832,13902,7,10,1,24584,125
123,16,6,0,0,0,0,-1.00615,-0.05907,0.01376,-1.00615,0.41412,-0.23169,1290,-544,15488,7,9,1,18678,125
123,16,7,0,0,0,0,-1.00174,-0.22322,0.00246,-1.00174,-0.23393,-0.21303,-1836,-1286,15544,7,10,1,56833,125
123,16,6,0,0,0,0,-0.98125,-0.6256,-0.19475,-0.98125,-0.25223,-0.20708,-5194,-2538,13044,7,9,1,31894,125
123,16,7,0,0,0,0,-0.987,-0.75226,-0.21404,-0.987,-0.80263,-1.2642,-6110,-2008,13320,7,9,1,33008,125
123,16,7,0,0,0,0,-1.0277,-0.68462,-0.08209,-1.0277,-0.7382,-0.51404,-5940,-1562,13234,7,8,1,23297,125
123,16,6,0,0,0,0,-1.0235,-0.40312,0.06049,-1.0235,-1.02716,-0.13866,-3866,-342,13910,7,7,1,53595,125
123,16,7,0,0,0,0,-0.95442,-0.0547,0.14471,-0.95442,0.01027,0.2365,916,1470,15536,7,5,1,25479,125
123,16,7,0,0,0,0,-0.92352,0.14261,0.19069,-0.92352,0.6692,0.72046,1178,1568,15010,7,8,1,39272,125
123,16,6,0,0,0,0,-0.85457,0.30693,0.2461,-0.85457,1.10895,0.71082,4128,2380,14998,7,5,1,46014,125
123,16,6,0,0,0,0,-0.84613,0.48117,0.33792,-0.84613,1.28934,0.56662,5132,2470,14390,7,5,1,32995,125
123,16,7,0,0,0,0,-0.84824,0.5341,0.43037,-0.84824,1.2016,0.66476,7118,3858,14118,7,4,1,34419,125
123,16,6,0,0,0,0,-0.9161,0.52399,0.53403,-0.9161,0.96922,1.14508,7028,5130,10376,7,4,1,28186,125
123,16,6,0,0,0,0,-1.05798,0.7259,0.78473,-1.05798,1.19995,1.05376,6564,7382,12322,7,4,1,14008,125
123,16,8,0,0,0,0,-1.13034,0.8711,1.01382,-1.13034,0.90895,0.88432,6636,7872,11514,7,4,1,57260,125
123,16,6,0,0,0,0,-1.06258,0.83302,1.19179,-1.06258,0.797,0.79587,7916,9326,9764,7,3,1,14602,125
123,16,6,0,0,0,0,-0.96545,0.70174,1.23636,-0.96545,0.9341,0.8848,8428,10342,7966,7,3,1,56140,125
123,16,7,0,0,0,0,-0.92604,0.62108,1.24394,-0.92604,1.43474,0.99046,7930,11376,9472,7,2,1,39988,125
123,16,6,0,0,0,0,-1.03546,0.5837,1.08272,-1.03546,0.95447,0.86458,6102,11244,9690,7,1,1,51134,125
123,16,6,0,0,0,0,-1.24718,0.33347,0.68697,-1.24718,0.75879,0.80121,4498,8976,9886,7,0,1,5101,125
123,16,8,0,0,0,0,-1.36789,-0.00975,0.37328,-1.36789,0.3239,0.68272,1156,6150,11410,0,0,1,46691,125
123,16,6,0,0,0,0,-1.42293,-0.44151,0.12833,-1.42293,-0.37366,0.75975,-3234,4112,14450,7,-1,1,37282,125
123,16,6,0,0,0,0,-1.35463,-0.70943,-0.21732,-1.35463,-0.69812,0.30052,-6960,644,12128,7,0,1,8783,125
123,16,7,0,0,0,0,-1.23369,-0.78029,-0.58865,-1.23369,-0.83955,-0.41727,-8160,-1776,12382,7,-1,1,23267,125
123,16,6,0,0,0,0,-1.08794,-0.71268,-0.93723,-1.08794,-0.71492,-0.59338,-7432,-4786,10944,7,-2,1,32496,125
123,16,6,0,0,0,0,-1.00665,-0.60373,-1.06738,-1.00665,-0.75516,-0.75885,-7416,-7398,10028,7,-2,1,55217,125
123,16,7,0,0,0,0,-0.97548,-0.49205,-1.06505,-0.97548,-0.89195,-0.84328,-6072,-8006,11414,7,-1,1,27771,125
123,16,6,0,0,0,0,-1.11554,-0.39185,-0.89319,-1.11554,-0.93971,-0.84726,-4998,-7628,12006,7,0,1,59726,125
123,16,6,0,0,0,0,-1.26866,-0.27654,-0.73116,-1.26866,-0.5771,-0.71138,-3620,-7090,11622,7,-1,1,48915,125
123,16,7,0,0,0,0,-1.38882,-0.18011,-0.58743,-1.38882,-1.02481,-0.81381,-2528,-6024,13586,7,-1,1,18607,125
123,16,6,0,0,0,0,-1.41817,-0.15466,-0.52773,-1.41817,-0.62248,-0.74554,-2490,-5844,12814,7,-1,1,40009,125
123,16,8,0,0,0,0,-1.45523,-0.10202,-0.45988,-1.45523,-0.52312,-0.99072,-2160,-5492,14008,7,0,1,45520,125
123,16,7,0,0,0,0,-1.4691,-0.07748,-0.43726,-1.4691,-0.86768,-0.79242,-1838,-5414,13534,7,1,1,32233,125
123,16,6,0,0,0,0,-1.50566,-0.03136,-0.36716,-1.50566,-0.46445,-0.7441,-1170,-4752,13854,7,0,1,47230,125
123,16,6,0,0,0,0,-1.57608,0.03621,-0.3039,-1.57608,-0.20761,-0.70056,-648,-4434,13660,7,0,1,14244,125
123,16,7,0,0,0,0,-1.68518,0.11009,-0.24307,-1.68518,0.24075,-0.66837,750,-3640,13846,7,0,1,6191,125
123,16,6,0,0,0,0,-1.88889,0.17638,-0.10736,-1.88889,0.31749,-1.32504,-30,-2020,16978,7,-1,1,29230,125
123,16,5,0,0,0,0,-2.0806,0.32303,0.13652,-2.0806,1.21577,0.3468,2906,1034,14534,7,0,1,49398,125
123,16,7,0,0,0,0,-2.28862,0.42372,0.19301,-2.28862,0.8551,0.7868,4604,2010,12692,7,0,1,24688,125
123,16,7,0,0,0,0,-2.41678,0.32884,0.0121,-2.41678,0.59152,0.07195,3660,204,13740,7,1,1,27957,125
123,16,6,0,0,0,0,-2.45392,0.23247,-0.00836,-2.45392,0.29878,0.06151,2764,108,16514,7,0,1,12036,125
123,16,6,0,0,0,0,-2.34277,0.11374,-0.05244,-2.34277,0.30786,-0.19507,672,-768,14130,7,0,1,13986,125
123,16,7,0,0,0,0,-2.13379,0.08492,-0.06926,-2.13379,0.33746,-0.25655,930,-690,15358,7,-2,1,36646,125
123,16,6,0,0,0,0,-1.96257,0.1051,-0.02946,-1.96257,0.29291,-0.37784,754,-778,14284,7,-2,1,22892,125
123,16,7,0,0,0,0,-1.81427,0.0958,-0.01254,-1.81427,0.3767,-0.29272,826,-842,14388,7,-2,1,1063,125
123,16,6,0,0,0,0,-1.72241,0.10365,0.0167,-1.72241,0.11638,-0.12799,-182,-454,14066,7,-2,1,63127,125
123,16,6,0,0,0,0,-1.54086,0.09924,-0.01459,-1.54086,0.11542,-0.3725,-690,-1070,14436,7,-4,1,54614,125
123,16,8,0,0,0,0,-1.19327,0.02368,-0.09119,-1.19327,0.29694,-0.28072,1318,-1356,15252,7,-3,1,31340,125
123,16,6,0,0,0,0,-0.89215,0.01492,-0.0586,-0.89215,0.16771,-0.44324,1136,-1238,15258,7,-2,1,54144,125
123,16,6,0,0,0,0,-0.68216,-0.0134,0.01833,-0.68216,-0.19499,-0.22102,-1060,-1152,14020,7,-4,1,21846,125
123,16,7,0,0,0,0,-0.46877,-0.04349,0.09123,-0.46877,-0.17592,0.25327,-950,710,14330,7,-4,1,16997,125
123,16,6,0,0,0,0,-0.48521,0.00746,0.13747,-0.48521,-0.09767,0.49454,70,1612,12780,7,-5,1,43220,125
123,16,7,0,0,0,0,-0.7509,0.1138,0.13443,-0.7509,0.27628,0.7137,650,1062,15064,7,-5,1,23392,125
123,16,6,0,0,0,0,-1.11736,0.15976,0.08173,-1.11736,0.39809,0.29768,390,208,14688,7,-4,1,62237,125
123,16,6,0,0,0,0,-1.38382,0.22429,0.03392,-1.38382,0.46051,0.13756,2788,858,15292,7,-5,1,15614,125
123,16,7,0,0,0,0,-1.58862,0.40268,-0.02454,-1.58862,0.56123,-0.02045,3648,-98,16146,7,-5,1,8281,125
123,16,6,0,0,0,0,-1.68806,0.64407,-0.0606,-1.68806,1.02188,0.03479,6548,42,14286,0,-4,1,30342,125
123,16,6,0,0,0,0,-1.71959,0.93433,-0.0222,-1.71959,0.97705,0.11032,9616,576,12270,7,-4,1,1582,125
123,16,6,0,0,0,0,-1.71988,1.06041,-0.03972,-1.71988,0.88206,0.09134,10600,402,11246,7,-4,1,36442,125
123,16,6,0,0,0,0,-1.72064,0.89017,-0.23192,-1.72064,0.86864,-0.10587,9440,-1500,11574,7,-4,1,54731,125
123,16,6,0,0,0,0,-1.64651,0.52454,-0.45668,-1.64651,0.88219,-0.96698,6488,-4458,12850,7,-6,1,8257,125
123,16,7,0,0,0,0,-1.36436,0.14995,-0.6948,-1.36436,0.96054,-0.80124,2514,-7522,12448,7,-4,1,53907,125
123,16,6,0,0,0,0,-1.00273,-0.1008,-0.92612,-1.00273,0.19371,-0.82376,-936,-10122,10860,7,-4,1,49201,125
123,16,6,0,0,0,0,-0.84598,-0.24193,-1.01244,-0.84598,-0.34023,-0.90501,-2416,-10784,12132,7,-5,1,2121,125
123,16,5,0,0,0,0,-0.99388,-0.38257,-0.81494,-0.99388,-1.0756,-0.93254,-5396,-9472,11524,7,-4,1,16072,125
123,16,7,0,0,0,0,-1.20592,-0.3681,-0.41818,-1.20592,-0.76535,-0.77898,-3612,-5534,13056,7,-3,1,39048,125
123,16,7,0,0,0,0,-1.30899,-0.20964,-0.07666,-1.30899,-0.34808,-0.41661,-2324,-2766,13082,7,-3,1,8877,125
123,16,6,0,0,0,0,-1.34851,-0.20758,0.17395,-1.34851,-0.39725,-0.19751,-3224,106,14228,7,-3,1,19513,125
123,16,7,0,0,0,0,-1.35832,0.01273,0.28598,-1.35832,-0.63898,0.46057,-1686,994,13940,7,-3,1,28466,125
123,16,8,0,0,0,0,-1.33456,0.56674,0.37022,-1.33456,1.06194,0.5554,5024,1846,14394,7,-4,1,57223,125
123,16,6,0,0,0,0,-1.39012,1.06525,0.54752,-1.39012,0.79883,0.58932,10106,2344,11094,7,-3,1,34118,125
123,16,7,0,0,0,0,-1.4905,1.3953,1.50357,-1.4905,1.08586,0.32037,14190,2024,7850,7,-3,1,2343,125
123,16,7,0,0,0,0,-1.53606,1.43135,1.70958,-1.53606,1.20839,0.20811,14404,1066,6498,7,-3,1,53908,125
123,16,6,0,0,0,0,-1.40767,1.11325,0.1831,-1.40767,1.06367,0.23582,10564,-242,9258,7,-3,1,44454,125
123,16,6,0,0,0,0,-1.19089,0.37437,-0.16454,-1.19089,0.65956,-0.4388,4710,-3468,12206,7,-2,1,31438,125
123,16,8,0,0,0,0,-1.10509,-0.22765,-0.32062,-1.10509,-0.57755,-0.83049,-1710,-4954,13944,7,-4,1,40588,125
123,16,6,0,0,0,0,-1.14207,-0.43932,-0.34183,-1.14207,-0.36218,-0.79741,-3564,-4784,15048,7,-3,1,48512,125
123,16,6,0,0,0,0,-1.16428,-0.37064,-0.28568,-1.16428,-0.56528,-0.68939,-2282,-3966,13740,7,-2,1,63764,125
123,16,7,0,0,0,0,-1.20682,-0.22034,-0.13258,-1.20682,-1.20027,-0.8462,-1068,-2696,14504,0,-2,1,51355,125
123,16,6,0,0,0,0,-1.23921,-0.13559,-0.04193,-1.23921,-0.47398,-1.40399,-746,-2502,14758,7,-2,1,776,125
123,16,7,0,0,0,0,-1.20695,-0.02975,0.03087,-1.20695,-0.59222,-1.27972,-902,-1390,14772,7,-1,1,14972,125
123,16,6,0,0,0,0,-1.18227,0.0155,0.10724,-1.18227,0.18025,0.00421,1006,-138,14898,7,-1,1,17524,125
123,16,7,0,0,0,0,-1.2016,-0.02315,0.09415,-1.2016,-0.02255,0.00594,-348,-28,15626,7,-1,1,44537,125
123,16,6,0,0,0,0,-1.20801,-0.03442,0.09918,-1.20801,-0.07048,0.0013,-356,-350,15554,7,-1,1,343,125
123,16,6,0,0,0,0,-1.21608,-0.02507,0.10434,-1.21608,0.01895,0.07175,-212,250,13932,7,-2,1,19620,125
123,16,6,0,0,0,0,-1.22275,-0.00035,0.09448,-1.22275,0.18407,0.18115,376,440,14372,7,-2,1,26576,125
123,16,7,0,0,0,0,-1.24759,-0.04446,0.04037,-1.24759,-0.02818,-0.11742,-346,-424,14776,7,-2,1,10999,125
123,16,7,0,0,0,0,-1.23935,-0.04083,0.03688,-1.23935,0.226,-0.37595,170,-606,14746,7,-2,1,40890,125
123,16,6,0,0,0,0,-1.20332,-0.03719,0.03433,-1.20332,-0.36612,0.02655,-462,-278,14598,7,-2,1,5122,125
123,16,6,0,0,0,0,-1.20308,-0.03226,0.02971,-1.20308,-0.23566,-0.17108,-380,-284,14606,7,-3,1,22114,125
123,16,6,0,0,0,0,-1.2029,-0.02797,0.02577,-1.2029,-0.28284,-0.198,-380,-270,14628,7,-3,1,4731,125
123,16,6,0,0,0,0,-1.2027,-0.0242,0.02222,-1.2027,-0.20625,-0.14491,-374,-272,14572,7,-3,1,7688,125
123,16,5,0,0,0,0,-1.2026,-0.0209,0.01924,-1.2026,-0.20453,-0.14523,-378,-276,14590,7,-4,1,40417,125
123,16,7,0,0,0,0,-1.20244,-0.01819,0.01665,-1.20244,-0.26471,-0.1592,-422,-236,14648,7,-2,1,10799,125
123,16,6,0,0,0,0,-1.20232,-0.01593,0.01451,-1.20232,-0.1533,-0.1233,-350,-264,14622,7,-3,1,16859,125
123,16,6,0,0,0,0,-1.20227,-0.0137,0.01244,-1.20227,-0.28545,-0.18103,-398,-260,14556,7,-2,1,47053,125
123,16,6,0,0,0,0,-1.20227,-0.01215,0.01076,-1.20227,-0.24226,-0.17719,-382,-270,14592,7,-4,1,5333,125
123,16,8,0,0,0,0,-1.20222,-0.01051,0.00932,-1.20222,-0.28355,-0.16423,-424,-218,14656,0,-2,1,25200,125
123,16,5,0,0,0,0,-1.20221,-0.00926,0.00822,-1.20221,-0.18564,-0.15108,-360,-304,14574,7,-4,1,63267,125
123,16,7,0,0,0,0,-1.20216,-0.00826,0.00717,-1.20216,-0.22186,-0.11821,-420,-220,14522,7,-4,1,29258,125
123,16,6,0,0,0,0,-1.20218,-0.00735,0.00632,-1.20218,-0.32643,-0.25339,-380,-284,14594,7,-6,1,44388,125
123,16,6,0,0,0,0,-1.20216,-0.00653,0.0055,-1.20216,-0.25827,-0.18584,-386,-252,14614,7,-5,1,29572,125
123,16,6,0,0,0,0,-1.20222,-0.00572,0.00482,-1.20222,-0.21837,-0.14836,-402,-266,14566,7,-6,1,58939,125
123,16,8,0,0,0,0,-1.20226,-0.00505,0.00418,-1.20226,-0.25009,-0.16974,-386,-246,14620,7,-5,1,27067,125
123,16,6,0,0,0,0,-1.20227,-0.00453,0.00375,-1.20227,-0.23949,-0.17757,-398,-276,14596,7,-6,1,65401,125
123,16,6,0,0,0,0,-1.20236,-0.00414,0.00339,-1.20236,-0.2122,-0.15471,-382,-270,14582,7,-6,1,56283,125
123,16,6,0,0,0,0,-1.20238,-0.00374,0.00299,-1.20238,-0.30582,-0.2258,-384,-272,14636,7,-6,1,45006,125
123,16,6,0,0,0,0,-1.20238,-0.00346,0.00266,-1.20238,-0.25902,-0.1852,-384,-280,14588,7,-5,1,64645,125
123,16,7,0,0,0,0,-1.20236,-0.00322,0.00232,-1.20236,-0.25845,-0.18828,-418,-292,14598,7,-6,1,53222,125
123,16,6,0,0,0,0,-1.20236,-0.00298,0.00204,-1.20236,-0.25932,-0.18114,-364,-274,14636,7,-6,1,40195,125
123,16,6,0,0,0,0,-1.20238,-0.00267,0.00198,-1.20238,-0.2373,-0.17361,-376,-276,14620,7,-6,1,15886,125
123,16,6,0,0,0,0,-1.20238,-0.00258,0.00174,-1.20238,-0.27246,-0.19958,-386,-278,14628,7,-6,1,23347,125
123,16,6,0,0,0,0,-1.2024,-0.00221,0.00159,-1.2024,-0.28062,-0.19746,-412,-236,14602,7,-5,1,33021,125
123,16,6,0,0,0,0,-1.2025,-0.00221,0.00137,-1.2025,-0.25333,-0.1818,-392,-272,14620,7,-5,1,34861,125
123,16,7,0,0,0,0,-1.20256,-0.00188,0.00122,-1.20256,-0.242,-0.17937,-372,-268,14624,7,-3,1,23062,125
123,16,5,0,0,0,0,-1.20256,-0.00182,0.001,-1.20256,-0.29114,-0.22221,-386,-294,14612,7,-4,1,15681,125
123,16,7,0,0,0,0,-1.2026,-0.00185,0.00098,-1.2026,-0.26323,-0.1788,-380,-252,14614,7,-4,1,53615,125
123,16,7,0,0,0,0,-1.2026,-0.00185,0.0011,-1.2026,-0.22267,-0.15111,-380,-266,14594,7,-5,1,13203,125
123,16,6,0,0,0,0,-1.20262,-0.00172,0.0011,-1.20262,-0.2617,-0.18414,-384,-284,14608,7,-5,1,3712,125
123,16,8,0,0,0,0,-1.20262,-0.00163,0.00104,-1.20262,-0.22565,-0.15771,-382,-270,14600,7,-4,1,29269,125
123,16,6,0,0,0,0,-1.20262,-0.00157,0.001,-1.20262,-0.2982,-0.19952,-416,-256,14610,7,-4,1,14727,125
123,16,6,0,0,0,0,-1.2027,-0.00154,0.00107,-1.2027,-0.25182,-0.17505,-404,-280,14598,7,-5,1,28983,125
123,16,6,0,0,0,0,-1.2027,-0.00139,0.00082,-1.2027,-0.29329,-0.22148,-406,-282,14622,7,-5,1,19602,125
123,16,6,0,0,0,0,-1.2028,-0.00136,0.00064,-1.2028,-0.26065,-0.18243,-380,-284,14584,7,-4,1,36588,125
123,16,6,0,0,0,0,-1.20276,-0.0013,0.00055,-1.20276,-0.2918,-0.21304,-400,-270,14626,7,-5,1,44601,125
123,16,7,0,0,0,0,-1.20277,-0.00133,0.00037,-1.20277,-0.23637,-0.17265,-406,-288,14612,7,-4,1,5728,125
123,16,6,0,0,0,0,-1.2029,-0.00136,0.00049,-1.2029,-0.30847,-0.22324,-404,-294,14628,7,-5,1,43759,125
123,16,6,0,0,0,0,-1.20302,-0.0013,0.00052,-1.20302,-0.30882,-0.21555,-422,-270,14614,7,-6,1,29920,125
123,16,6,0,0,0,0,-1.20306,-0.00136,0.00043,-1.20306,-0.2634,-0.1893,-402,-270,14616,7,-5,1,2183,125
123,16,6,0,0,0,0,-1.20308,-0.00139,0.00046,-1.20308,-0.2676,-0.18297,-406,-274,14632,7,-4,1,56467,125
123,16,7,0,0,0,0,-1.2029,-0.00139,0.0004,-1.2029,-0.23137,-0.17403,-390,-286,14602,7,-5,1,14298,125
123,16,6,0,0,0,0,-1.20265,-0.0013,0.00037,-1.20265,-0.23898,-0.16934,-404,-278,14622,7,-5,1,41462,125
123,16,7,0,0,0,0,-1.20242,-0.0013,0.00015,-1.20242,-0.26129,-0.17282,-400,-252,14600,7,-5,1,49693,125
123,16,6,0,0,0,0,-1.20222,-0.00127,0.00012,-1.20222,-0.24979,-0.18173,-410,-274,14586,7,-5,1,13624,125
123,16,6,0,0,0,0,-1.20212,-0.00108,0,-1.20212,-0.26031,-0.20435,-364,-288,14604,7,-7,1,28140,125
123,16,6,0,0,0,0,-1.2019,-0.0009,0.00012,-1.2019,-0.26514,-0.18097,-374,-250,14630,7,-6,1,41345,125
123,16,6,0,0,0,0,-1.2017,-0.0009,0.00024,-1.2017,-0.24185,-0.17087,-382,-292,14616,7,-6,1,22371,125
123,16,5,0,0,0,0,-1.2015,-0.00087,0.00015,-1.2015,-0.3312,-0.24376,-394,-278,14638,7,-7,1,46109,125
123,16,7,0,0,0,0,-1.20128,-0.00075,0.00012,-1.20128,-0.23509,-0.17822,-400,-278,14596,7,-7,1,51904,125
123,16,6,0,0,0,0,-1.2011,-0.00081,0.00015,-1.20122,-0.25731,-0.18423,-404,-272,14610,7,-8,1,8857,125
123,16,6,0,0,0,0,-1.20093,-0.00078,0.00027,-1.20122,-0.25731,-0.18423,-392,-280,14610,7,-8,1,15359,125
123,16,6,0,0,0,0,-1.20073,-0.00078,0.00027,-1.20122,-0.25731,-0.18423,-402,-268,14612,7,-8,1,39405,125
123,16,6,0,0,0,0,-1.20045,-0.00066,0.00024,-1.20122,-0.25731,-0.18423,-376,-274,14606,7,-8,1,27398,125
123,16,6,0,0,0,0,-1.20027,-0.0006,0.0004,-1.20122,-0.25731,-0.18423,-380,-262,14600,7,-7,1,58182,125
123,16,6,0,0,0,0,-1.20004,-0.00047,0.00027,-1.20122,-0.25731,-0.18423,-390,-268,14620,7,-8,1,2258,125
123,16,6,0,0,0,0,-1.19986,-0.0005,0.0004,-1.20122,-0.25731,-0.18423,-408,-278,14588,7,-7,1,28932,125
123,16,6,0,0,0,0,-1.19966,-0.0006,0.0003,-1.20122,-0.25731,-0.18423,-408,-256,14614,7,-7,1,32123,125
123,16,6,0,0,0,0,-1.1995,-0.00063,0.00037,-1.20122,-0.25731,-0.18423,-392,-284,14590,7,-7,1,42042,125
123,16,6,0,0,0,0,-1.19937,-0.00066,0.00027,-1.20122,-0.25731,-0.18423,-396,-274,14610,7,-7,1,14223,125
123,16,6,0,0,0,0,-1.19917,-0.00069,0.00024,-1.20122,-0.25731,-0.18423,-378,-252,14614,7,-8,1,1568,125
123,16,6,0,0,0,0,-1.1989,-0.00066,0.00024,-1.20122,-0.25731,-0.18423,-394,-272,14616,7,-8,1,58735,125
123,16,6,0,0,0,0,-1.1987,-0.00069,0.00012,-1.20122,-0.25731,-0.18423,-378,-278,14592,7,-8,1,39905,125
123,16,6,0,0,0,0,-1.19846,-0.0006,0.00009,-1.20122,-0.25731,-0.18423,-382,-258,14608,7,-6,1,6007,125
123,16,6,0,0,0,0,-1.19823,-0.00061,0,-1.20122,-0.25731,-0.18423,-382,-288,14578,7,-7,1,14272,125
123,16,6,0,0,0,0,-1.198,-0.00064,0.00006,-1.20122,-0.25731,-0.18423,-404,-274,14588,7,-7,1,47570,125
123,16,6,0,0,0,0,-1.1978,-0.00056,0.00006,-1.20122,-0.25731,-0.18423,-382,-278,14620,7,-8,1,48607,125
123,16,6,0,0,0,0,-1.1976,-0.00053,0.00012,-1.20122,-0.25731,-0.18423,-378,-302,14588,7,-6,1,12185,125
123,16,6,0,0,0,0,-1.19736,-0.00056,0.00009,-1.20122,-0.25731,-0.18423,-386,-272,14574,7,-6,1,49158,125
123,16,6,0,0,0,0,-1.19719,-0.0006,0.00006,-1.20122,-0.25731,-0.18423,-390,-292,14610,7,-5,1,39844,125
123,16,6,0,0,0,0,-1.19693,-0.00063,0,-1.20122,-0.25731,-0.18423,-390,-238,14620,7,-7,1,7183,125
123,16,6,0,0,0,0,-1.19673,-0.00053,0.00003,-1.20122,-0.25731,-0.18423,-382,-264,14608,7,-4,1,3842,125
123,16,6,0,0,0,0,-1.19652,-0.00047,0.00012,-1.20122,-0.25731,-0.18423,-380,-254,14592,7,-5,1,6603,125
123,16,6,0,0,0,0,-1.1963,-0.00038,0.00012,-1.20122,-0.25731,-0.18423,-396,-266,14618,7,-4,1,41759,125
123,16,6,0,0,0,0,-1.19612,-0.00047,0.00024,-1.20122,-0.25731,-0.18423,-374,-270,14582,7,-4,1,8237,125
123,16,6,0,0,0,0,-1.19608,-0.00053,0.00027,-1.20122,-0.25731,-0.18423,-412,-244,14600,7,-5,1,6271,125
123,16,6,0,0,0,0,-1.19608,-0.00069,0.00043,-1.20122,-0.25731,-0.18423,-404,-260,14596,7,-3,1,53000,125
123,16,6,0,0,0,0,-1.19612,-0.00075,0.00049,-1.20122,-0.25731,-0.18423,-360,-228,14642,7,-4,1,21635,125
123,16,6,0,0,0,0,-1.1962,-0.0009,0.00049,-1.20122,-0.25731,-0.18423,-416,-238,14626,7,-5,15,10938,125
123,10,6,0,0,0,0,-1.07306,-0.02635,-0.01888,0,0,0,-372,-268,14642,7,99408,2,22162,125
123,10,6,0,0,0,0,-1.0731,-0.02626,-0.01888,0,0,0,-392,-266,14604,7,99407,2,39660,125
123,10,7,0,0,0,0,-1.07317,-0.02632,-0.0189,0,0,0,-398,-264,14548,7,99404,2,7433,125
123,10,6,0,0,0,0,-1.07324,-0.02635,-0.0189,0,0,0,-374,-284,14614,7,99403,2,56111,125
123,10,6,0,0,0,0,-1.07333,-0.02638,-0.01884,0,0,0,-388,-284,14602,7,99410,2,24750,125
123,10,6,0,0,0,0,-1.07336,-0.02629,-0.01869,0,0,0,-404,-274,14590,7,99404,2,57738,125
123,10,6,0,0,0,0,-1.07336,-0.02641,-0.01866,0,0,0,-376,-296,14634,7,99408,2,55373,125
123,10,6,0,0,0,0,-1.07341,-0.02632,-0.01872,0,0,0,-380,-278,14614,7,99405,2,60249,125
123,10,6,0,0,0,0,-1.07347,-0.02632,-0.01875,0,0,0,-380,-264,14610,7,99408,2,21236,125
123,10,6,0,0,0,0,-1.0736,-0.02626,-0.01875,0,0,0,-402,-290,14614,7,99409,2,63152,125
123,10,6,0,0,0,0,-1.07365,-0.02632,-0.01872,0,0,0,-362,-282,14594,7,99410,2,20336,125
123,10,6,0,0,0,0,-1.07372,-0.02638,-0.01881,0,0,0,-398,-286,14652,7,99409,2,40635,125
123,10,6,0,0,0,0,-1.0737,-0.02644,-0.01884,0,0,0,-392,-280,14582,7,99411,2,55429,125
123,10,6,0,0,0,0,-1.0737,-0.02647,-0.01875,0,0,0,-384,-276,14584,7,99406,2,13531,125
123,10,6,0,0,0,0,-1.07376,-0.0265,-0.01878,0,0,0,-378,-276,14622,7,99411,2,25523,125
123,10,6,0,0,0,0,-1.07384,-0.02654,-0.01875,0,0,0,-386,-276,14616,7,99412,2,61715,125
123,10,6,0,0,0,0,-1.07384,-0.02663,-0.01875,0,0,0,-382,-258,14642,7,99409,1,28118,125
123,10,6,0,0,0,0,-1.07393,-0.02666,-0.01869,0,0,0,-374,-284,14636,7,99409,1,57267,125
123,10,6,0,0,0,0,-1.07396,-0.0266,-0.01869,0,0,0,-414,-270,14614,7,99410,1,28063,125
123,10,6,0,0,0,0,-1.07402,-0.02663,-0.0186,0,0,0,-380,-246,14638,7,99410,1,47190,125
123,10,6,0,0,0,0,-1.07402,-0.0266,-0.01851,0,0,0,-400,-258,14632,7,99412,1,56914,125
123,10,6,0,0,0,0,-1.07407,-0.0266,-0.01842,0,0,0,-400,-250,14714,7,99411,1,13670,125
123,10,6,0,0,0,0,-1.07799,-0.02663,-0.0183,0,0,0,-386,-276,14606,7,99411,2,8607,125
123,10,6,0,0,0,0,-1.07803,-0.02666,-0.01826,0,0,0,-384,-256,14626,7,99416,2,9920,125
123,10,6,0,0,0,0,-1.07803,-0.02672,-0.01833,0,0,0,-404,-266,14632,7,99414,2,60032,125
123,10,6,0,0,0,0,-1.07803,-0.02678,-0.01823,0,0,0,-384,-264,14606,7,99414,2,22394,125
123,10,6,0,0,0,0,-1.0781,-0.02684,-0.0183,0,0,0,-378,-260,14610,7,99414,2,14366,125
123,10,6,0,0,0,0,-1.07814,-0.02663,-0.01826,0,0,0,-400,-266,14628,7,99418,2,26594,125
123,10,6,0,0,0,0,-1.07814,-0.02663,-0.0182,0,0,0,-372,-246,14618,7,99417,2,18261,125
123,10,6,0,0,0,0,-1.07814,-0.0266,-0.0182,0,0,0,-384,-292,14656,7,99416,2,32260,125
123,10,6,0,0,0,0,-1.07814,-0.0265,-0.01823,0,0,0,-390,-266,14578,7,99413,2,14270,125
123,10,6,0,0,0,0,-1.07814,-0.02647,-0.01833,0,0,0,-400,-280,14608,7,99414,2,42207,125
123,10,6,0,0,0,0,-1.07825,-0.02663,-0.01839,0,0,0,-366,-268,14598,7,99410,2,27595,125
123,10,6,0,0,0,0,-1.07834,-0.0266,-0.01845,0,0,0,-376,-276,14612,7,99412,2,17238,125
123,10,6,0,0,0,0,-1.07834,-0.02654,-0.01836,0,0,0,-396,-280,14630,7,99408,2,35970,125
123,10,6,0,0,0,0,-1.07838,-0.02663,-0.0183,0,0,0,-372,-272,14616,7,99408,2,36618,125
123,10,6,0,0,0,0,-1.07838,-0.02675,-0.01842,0,0,0,-390,-282,14626,7,99406,2,42719,125
123,10,6,0,0,0,0,-1.07845,-0.02672,-0.01845,0,0,0,-394,-254,14588,7,99399,2,22359,125
123,10,6,0,0,0,0,-1.07852,-0.02687,-0.01836,0,0,0,-378,-264,14614,7,99397,2,57373,125
123,10,6,0,0,0,0,-1.07857,-0.02687,-0.01842,0,0,0,-358,-280,14624,7,99395,2,25635,125
123,10,6,0,0,0,0,-1.0786,-0.0269,-0.01839,0,0,0,-392,-276,14598,7,99394,2,27801,125
123,10,6,0,0,0,0,-1.07869,-0.02693,-0.01842,0,0,0,-372,-276,14646,7,99393,2,24126,125
123,10,6,0,0,0,0,-1.07869,-0.02687,-0.01845,0,0,0,-400,-272,14576,7,99393,2,48118,125
123,10,6,0,0,0,0,-1.07877,-0.02693,-0.01845,0,0,0,-392,-256,14598,7,99391,2,1970,125
123,10,6,0,0,0,0,-1.07883,-0.02684,-0.01845,0,0,0,-378,-268,14616,7,99392,2,25631,125
123,10,6,0,0,0,0,-1.07889,-0.02687,-0.01854,0,0,0,-384,-266,14634,7,99392,2,57212,125
123,10,6,0,0,0,0,-1.07889,-0.02684,-0.01851,0,0,0,-400,-258,14612,7,99393,2,50354,125
123,10,6,0,0,0,0,-1.07893,-0.02669,-0.0186,0,0,0,-388,-286,14618,7,99392,2,21532,125
123,10,6,0,0,0,0,-1.07893,-0.02672,-0.01851,0,0,0,-392,-278,14626,7,99392,2,38804,125
123,10,6,0,0,0,0,-1.07895,-0.02672,-0.01854,0,0,0,-400,-280,14620,7,99394,2,14559,125
123,10,6,0,0,0,0,-1.07895,-0.02678,-0.01848,0,0,0,-400,-282,14624,7,99393,2,65105,125
123,10,6,0,0,0,0,-1.07895,-0.02678,-0.01854,0,0,0,-384,-258,14618,7,99395,2,11929,125
123,10,6,0,0,0,0,-1.07901,-0.02681,-0.01854,0,0,0,-400,-274,14630,7,99396,2,40410,125
123,10,6,0,0,0,0,-1.07909,-0.02681,-0.01848,0,0,0,-382,-288,14620,7,99396,2,11819,125
123,10,6,0,0,0,0,-1.07909,-0.02681,-0.01845,0,0,0,-406,-282,14630,7,99394,2,27288,125
123,10,6,0,0,0,0,-1.07909,-0.02681,-0.01845,0,0,0,-384,-284,14606,7,99392,2,46017,125
123,10,6,0,0,0,0,-1.07912,-0.0269,-0.01845,0,0,0,-388,-260,14608,7,99392,2,23296,125
123,10,7,0,0,0,0,-1.07909,-0.02678,-0.01854,0,0,0,-384,-270,14610,7,99392,2,16245,125
123,10,6,0,0,0,0,-1.07912,-0.02675,-0.01851,0,0,0,-378,-274,14612,7,99390,2,28485,125
123,10,6,0,0,0,0,-1.07912,-0.02678,-0.01854,0,0,0,-392,-266,14564,7,99391,2,16477,125
123,10,6,0,0,0,0,-1.07912,-0.02669,-0.01857,0,0,0,-386,-264,14610,7,99391,2,58471,125
123,10,6,0,0,0,0,-1.07918,-0.02663,-0.01857,0,0,0,-376,-284,14620,7,99394,2,9758,125
123,10,6,0,0,0,0,-1.07913,-0.02669,-0.0186,0,0,0,-400,-244,14612,7,99394,2,36912,125
123,10,6,0,0,0,0,-1.07918,-0.02681,-0.01866,0,0,0,-406,-280,14636,7,99395,2,7815,125
123,10,6,0,0,0,0,-1.07918,-0.02675,-0.01857,0,0,0,-386,-242,14582,7,99395,2,37173,125
123,10,6,0,0,0,0,-1.07918,-0.02663,-0.01842,0,0,0,-386,-258,14582,7,99394,2,62594,125
123,10,6,0,0,0,0,-1.07918,-0.02666,-0.01857,0,0,0,-400,-276,14610,7,99392,2,45985,125
123,10,6,0,0,0,0,-1.07913,-0.02672,-0.01854,0,0,0,-402,-262,14586,7,99393,2,58143,125
123,10,7,0,0,0,0,-1.07913,-0.02684,-0.01845,0,0,0,-392,-272,14654,0,99395,2,13224,125
123,10,5,0,0,0,0,-1.07912,-0.02681,-0.01839,0,0,0,-380,-292,14596,7,99393,2,49558,125
123,10,6,0,0,0,0,-1.07912,-0.02681,-0.01857,0,0,0,-392,-280,14616,7,99396,2,30440,125
123,10,6,0,0,0,0,-1.07909,-0.02681,-0.01869,0,0,0,-392,-294,14622,7,99393,2,14389,125
123,10,6,0,0,0,0,-1.07909,-0.02681,-0.0186,0,0,0,-380,-264,14594,7,99392,2,33699,125
123,10,6,0,0,0,0,-1.07909,-0.02684,-0.01848,0,0,0,-386,-278,14606,7,99392,2,61039,125
123,10,6,0,0,0,0,-1.07909,-0.02675,-0.01842,0,0,0,-414,-270,14624,7,99391,2,30889,125
123,10,6,0,0,0,0,-1.07909,-0.02684,-0.01842,0,0,0,-392,-288,14618,7,99392,2,57634,125
123,10,6,0,0,0,0,-1.07912,-0.02681,-0.01848,0,0,0,-390,-278,14610,7,99392,2,44249,125
123,10,6,0,0,0,0,-1.07907,-0.02675,-0.01845,0,0,0,-372,-294,14600,7,99391,2,14668,125
123,10,6,0,0,0,0,-1.07907,-0.02663,-0.01851,0,0,0,-398,-268,14610,7,99389,2,5286,125
123,10,6,0,0,0,0,-1.07907,-0.02666,-0.01845,0,0,0,-388,-270,14590,7,99388,2,19947,125
123,10,6,0,0,0,0,-1.07912,-0.02678,-0.01848,0,0,0,-392,-256,14622,7,99388,2,9049,125
123,10,6,0,0,0,0,-1.07912,-0.02672,-0.01842,0,0,0,-384,-248,14618,7,99385,2,25308,125
123,10,6,0,0,0,0,-1.07918,-0.02666,-0.01833,0,0,0,-382,-274,14586,7,99389,2,39602,125
123,10,6,0,0,0,0,-1.07918,-0.0266,-0.01814,0,0,0,-382,-248,14626,7,99387,2,64565,125
123,10,6,0,0,0,0,-1.07918,-0.02663,-0.01826,0,0,0,-390,-278,14630,7,99388,2,10865,125
123,10,6,0,0,0,0,-1.07921,-0.02663,-0.0183,0,0,0,-392,-286,14580,7,99386,2,65182,125
123,10,6,0,0,0,0,-1.07924,-0.02663,-0.01836,0,0,0,-400,-280,14614,7,99386,2,31083,125
123,10,6,0,0,0,0,-1.07924,-0.02657,-0.01851,0,0,0,-376,-266,14616,7,99387,2,23404,125
123,10,6,0,0,0,0,-1.07922,-0.02654,-0.01854,0,0,0,-378,-268,14610,7,99386,2,3240,125
123,10,6,0,0,0,0,-1.07924,-0.02663,-0.01854,0,0,0,-396,-292,14608,7,99384,2,12499,125
123,10,6,0,0,0,0,-1.07928,-0.02663,-0.0186,0,0,0,-392,-252,14594,7,99390,2,39971,125
123,10,7,0,0,0,0,-1.07935,-0.02663,-0.01851,0,0,0,-392,-266,14606,0,99388,2,10433,125
123,10,5,0,0,0,0,-1.07936,-0.02675,-0.01851,0,0,0,-382,-274,14632,7,99389,2,56058,125
123,10,6,0,0,0,0,-1.07936,-0.02687,-0.01833,0,0,0,-414,-266,14642,7,99394,2,2113,125
123,10,6,0,0,0,0,-1.07936,-0.02666,-0.01826,0,0,0,-374,-280,14554,7,99395,2,25605,125
123,10,6,0,0,0,0,-1.07942,-0.02672,-0.0183,0,0,0,-396,-270,14602,7,99394,2,34923,125
123,10,6,0,0,0,0,-1.07942,-0.02687,-0.01845,0,0,0,-410,-286,14604,7,99395,2,46257,125
123,10,6,0,0,0,0,-1.07953,-0.02696,-0.01845,0,0,0,-386,-254,14608,7,99399,2,31890,125
123,10,6,0,0,0,0,-1.07953,-0.02681,-0.01869,0,0,0,-430,-306,14642,7,99401,2,42694,125
123,10,6,0,0,0,0,-1.07956,-0.02681,-0.01848,0,0,0,-388,-316,14618,7,99401,2,15738,125
123,10,6,0,0,0,0,-1.07956,-0.02681,-0.01848,0,0,0,-386,-264,14612,7,99402,2,47671,125
123,10,6,0,0,0,0,-1.07962,-0.02678,-0.01851,0,0,0,-392,-314,14634,7,99400,2,28767,125
123,10,6,0,0,0,0,-1.07962,-0.02684,-0.0186,0,0,0,-386,-260,14646,7,99400,2,33899,125
123,10,6,0,0,0,0,-1.07962,-0.02687,-0.01851,0,0,0,-384,-262,14600,7,99399,2,4868,125
123,10,6,0,0,0,0,-1.07967,-0.02684,-0.01848,0,0,0,-388,-274,14610,7,99400,2,26465,125
123,10,6,0,0,0,0,-1.07968,-0.02681,-0.01842,0,0,0,-386,-284,14600,7,99402,2,5008,125
123,10,6,0,0,0,0,-1.07967,-0.02681,-0.01845,0,0,0,-410,-274,14596,7,99401,2,39392,125
123,10,6,0,0,0,0,-1.07968,-0.02696,-0.01836,0,0,0,-384,-286,14644,7,99401,2,13729,125
123,10,7,0,0,0,0,-1.07971,-0.02696,-0.01845,0,0,0,-408,-278,14604,7,99405,2,4637,125
123,10,5,0,0,0,0,-1.07977,-0.027,-0.0186,0,0,0,-390,-290,14594,7,99403,2,34372,125
123,10,6,0,0,0,0,-1.07979,-0.027,-0.01884,0,0,0,-414,-260,14624,7,99408,2,3220,125
123,10,6,0,0,0,0,-1.07979,-0.027,-0.01881,0,0,0,-418,-278,14618,7,99404,2,32108,125
123,10,6,0,0,0,0,-1.07982,-0.02711,-0.01881,0,0,0,-432,-270,14616,7,99406,2,43904,125
123,10,6,0,0,0,0,-1.07982,-0.02705,-0.01878,0,0,0,-386,-282,14602,7,99407,2,7568,125
123,10,6,0,0,0,0,-1.07991,-0.02696,-0.01872,0,0,0,-370,-246,14580,7,99408,2,39385,125
123,10,6,0,0,0,0,-1.0799,-0.02675,-0.01872,0,0,0,-390,-260,14600,7,99408,2,42325,125
123,10,6,0,0,0,0,-1.0799,-0.02687,-0.01875,0,0,0,-390,-284,14582,7,99407,2,25494,125
123,10,6,0,0,0,0,-1.07991,-0.02681,-0.01875,0,0,0,-380,-280,14642,7,99409,2,24353,125
123,10,6,0,0,0,0,-1.07994,-0.02669,-0.01878,0,0,0,-386,-272,14612,7,99407,2,16640,125
123,10,7,0,0,0,0,-1.07996,-0.02654,-0.01881,0,0,0,-386,-262,14628,7,99406,2,63080,125
123,10,6,0,0,0,0,-1.07996,-0.02644,-0.01888,0,0,0,-404,-270,14606,7,99407,2,4921,125
123,10,6,0,0,0,0,-1.07996,-0.02654,-0.0189,0,0,0,-412,-252,14614,7,99409,2,44441,125
123,10,6,0,0,0,0,-1.08002,-0.02657,-0.01863,0,0,0,-390,-258,14602,7,99407,2,6556,125
123,10,6,0,0,0,0,-1.08006,-0.02657,-0.0186,0,0,0,-400,-286,14578,7,99410,2,44987,125
123,10,6,0,0,0,0,-1.08006,-0.0266,-0.0186,0,0,0,-394,-254,14638,7,99411,2,16017,125
123,10,6,0,0,0,0,-1.08006,-0.02657,-0.0186,0,0,0,-386,-274,14648,7,99407,2,23666,125
123,10,6,0,0,0,0,-1.08014,-0.0266,-0.0186,0,0,0,-390,-268,14630,7,99406,2,44480,125
123,10,6,0,0,0,0,-1.08014,-0.02672,-0.01842,0,0,0,-368,-244,14656,7,99403,2,40603,125
123,10,6,0,0,0,0,-1.08508,-0.02675,-0.01857,0,0,0,-384,-264,14578,7,99395,2,22637,125
123,10,6,0,0,0,0,-1.0851,-0.02678,-0.01839,0,0,0,-398,-248,14600,7,99396,2,57156,125
123,10,6,0,0,0,0,-1.08513,-0.02687,-0.01842,0,0,0,-400,-304,14606,7,99395,2,51255,125
123,10,6,0,0,0,0,-1.08513,-0.02693,-0.01836,0,0,0,-382,-288,14604,7,99393,2,4393,125
123,10,6,0,0,0,0,-1.08514,-0.02687,-0.01836,0,0,0,-374,-282,14596,7,99395,2,47583,125
123,10,6,0,0,0,0,-1.0851,-0.02687,-0.01854,0,0,0,-372,-262,14596,7,99395,2,55084,125
123,10,6,0,0,0,0,-1.08513,-0.02684,-0.01842,0,0,0,-378,-280,14604,7,99393,2,16263,125
123,10,6,0,0,0,0,-1.08516,-0.02675,-0.01826,0,0,0,-400,-278,14614,7,99393,2,14849,125
123,10,6,0,0,0,0,-1.08531,-0.02678,-0.01823,0,0,0,-382,-254,14622,7,99393,2,8356,125
123,10,6,0,0,0,0,-1.08534,-0.02684,-0.01833,0,0,0,-414,-280,14592,7,99392,2,43939,125
123,10,6,0,0,0,0,-1.08534,-0.0269,-0.01836,0,0,0,-376,-254,14602,7,99397,2,42196,125
123,10,6,0,0,0,0,-1.0854,-0.02687,-0.0183,0,0,0,-384,-278,14634,7,99392,2,33049,125
123,10,6,0,0,0,0,-1.08546,-0.02678,-0.01833,0,0,0,-352,-290,14580,7,99396,2,4560,125
123,10,6,0,0,0,0,-1.08546,-0.02684,-0.01848,0,0,0,-390,-274,14614,7,99392,2,26354,125
123,10,6,0,0,0,0,-1.08545,-0.02693,-0.01848,0,0,0,-370,-286,14604,7,99391,2,24238,125
123,10,6,0,0,0,0,-1.08546,-0.02693,-0.01848,0,0,0,-388,-262,14608,7,99393,2,8034,125
123,10,6,0,0,0,0,-1.08546,-0.02684,-0.01833,0,0,0,-410,-254,14600,7,99395,2,23154,125
123,10,6,0,0,0,0,-1.08553,-0.02681,-0.01839,0,0,0,-384,-280,14602,7,99394,2,50207,125
123,10,6,0,0,0,0,-1.08548,-0.02675,-0.01839,0,0,0,-378,-292,14640,7,99390,2,48532,125
123,10,6,0,0,0,0,-1.08548,-0.02675,-0.01842,0,0,0,-384,-260,14584,7,99390,2,14828,125
123,10,6,0,0,0,0,-1.08546,-0.02681,-0.01851,0,0,0,-388,-280,14634,7,99393,2,45362,125
123,10,6,0,0,0,0,-1.08551,-0.02684,-0.01866,0,0,0,-394,-274,14600,7,99395,2,46330,125
123,10,6,0,0,0,0,-1.08554,-0.02666,-0.01863,0,0,0,-404,-262,14584,7,99392,2,2156,125
123,10,6,0,0,0,0,-1.08551,-0.02678,-0.01863,0,0,0,-410,-262,14616,7,99390,2,38183,125
123,10,6,0,0,0,0,-1.08551,-0.02684,-0.01857,0,0,0,-378,-264,14606,7,99392,2,29055,125
